experiment_mode,scenario_id,scenario_name,round,team_name,strategy_archetype,operating_archetype,demand,actual_demand,forecast,planned_production,actual_production,units_sold,lost_sales,inventory,backlog,revenue,cost,profit,cash,debt,service_level,forecast_error,forecast_wape,defects,warranty_cost,capacity_used,effective_capacity,raw_material_inventory_end,innovation_investment,npd_investment,launched_products,retired_products,launch_events,interest_expense,working_capital_requirement,liquidity_stress,reputation,notes
calibrated,1,Baseline,1,Team 01,Cash conservative,Community / Club,246.14,246.14,207,225,225,201,31,18,12,26073.24,15484.44,10588.8,33628.8,0.0,0.8166,39.14,0.2702,0.0206,184.59,74.26,303,75,750.0,750.0,0,0,,0.0,3428.13,FALSE,57.3,Portfolio forecast WAPE was 27.02% against realized demand. Lost 31 sales units across the portfolio. Carried 12 backlog units into next round.
calibrated,1,Baseline,1,Team 02,Balanced S&OP,Engineering Challenger,171.9,171.9,200,200,200,171,0,27,0,28594.0,21813.15,6780.85,34924.85,1000.0,0.9948,-28.1,0.1635,0.005,38.47,65.15,307,90,2500.0,2500.0,0,0,,22.0,5742.39,FALSE,62.75,"Portfolio forecast WAPE was 16.35% against realized demand. Used $1,000.00 of planned borrowing."
calibrated,1,Baseline,1,Team 03,Premium quality,Premium Quality,166.65,166.65,180,184,184,165,0,17,0,31123.44,22136.65,8986.79,34570.79,0.0,0.9901,-13.35,0.0801,0.005,37.13,68.15,270,76,3000.0,3000.0,0,0,,0.0,4893.04,FALSE,70.69,Portfolio forecast WAPE was 8.01% against realized demand.
calibrated,1,Baseline,1,Team 04,Innovation leap,Engineering Challenger,170.42,170.42,180,176,176,158,0,16,11,27585.6,25793.14,1792.46,35936.46,7000.0,0.9271,-9.58,0.1571,0.005,35.55,57.89,304,114,9000.0,9000.0,0,0,,154.0,6844.81,FALSE,61.29,"Portfolio forecast WAPE was 15.71% against realized demand. Carried 11 backlog units into next round. Used $7,000.00 of planned borrowing."
calibrated,1,Baseline,1,Team 05,Aggressive growth,Sponsorship Growth,246.04,246.04,439,372,320,245,0,64,0,33703.68,40964.2,-7260.52,31923.48,10000.0,0.9958,-192.96,0.7843,0.0302,332.46,86.96,368,0,4000.0,4000.0,0,0,,220.0,7027.08,FALSE,63.6,"Portfolio forecast WAPE was 78.43% against realized demand. Used $10,000.00 of planned borrowing."
calibrated,1,Baseline,1,Team 06,Low-cost volume,Low-Cost Volume,198.85,198.85,521,482,420,198,0,193,0,17981.04,35853.02,-17871.98,14860.02,3500.0,0.9957,-322.15,1.6201,0.066,592.54,89.36,470,0,1500.0,1500.0,0,0,,77.0,12254.98,FALSE,45.09,"Portfolio forecast WAPE was 162.01% against realized demand. Used $3,500.00 of planned borrowing."
calibrated,1,Baseline,2,Team 01,Cash conservative,Community / Club,253.49,253.49,207,225,225,200,52,38,12,25799.88,15840.15,9959.73,43588.53,0.0,0.7533,46.49,0.2843,0.0187,166.95,74.26,303,34,750.0,750.0,0,0,,0.0,3679.48,FALSE,52.52,Portfolio forecast WAPE was 28.43% against realized demand. Lost 52 sales units across the portfolio. Carried 12 backlog units into next round.
calibrated,1,Baseline,2,Team 02,Balanced S&OP,Engineering Challenger,190.25,190.25,200,200,200,184,0,41,5,30531.0,22425.38,8105.62,44030.47,2000.0,0.9671,-9.75,0.1029,0.005,41.4,62.7,319,106,2500.0,2500.0,0,0,,44.0,7869.11,FALSE,66.9,"Portfolio forecast WAPE was 10.29% against realized demand. Carried 5 backlog units into next round. Used $1,000.00 of planned borrowing."
calibrated,1,Baseline,2,Team 03,Premium quality,Premium Quality,184.22,184.22,180,184,184,181,0,18,2,34229.52,22577.44,11652.08,46222.87,0.0,0.9825,4.22,0.0745,0.005,40.73,65.02,283,76,3000.0,3000.0,0,0,,0.0,5111.16,FALSE,75.18,Portfolio forecast WAPE was 7.45% against realized demand. Carried 2 backlog units into next round.
calibrated,1,Baseline,2,Team 04,Innovation leap,Engineering Challenger,188.06,188.06,180,176,176,170,10,20,18,29463.0,26383.19,3079.81,46016.27,14000.0,0.854,8.06,0.1077,0.005,38.25,56.23,313,105,9000.0,9000.0,0,0,,308.0,8053.09,TRUE,61.56,"Portfolio forecast WAPE was 10.77% against realized demand. Lost 10 sales units across the portfolio. Carried 18 backlog units into next round. Used $7,000.00 of planned borrowing. Liquidity stress flagged this round."
calibrated,1,Baseline,2,Team 05,Aggressive growth,Sponsorship Growth,256.73,256.73,439,372,372,256,0,169,0,35975.04,45239.23,-9264.19,32659.29,20000.0,0.9972,-182.27,0.71,0.0279,322.8,91.63,406,112,4000.0,4000.0,0,0,,440.0,21743.62,TRUE,64.75,"Portfolio forecast WAPE was 71.00% against realized demand. Used $10,000.00 of planned borrowing. Liquidity stress flagged this round."
calibrated,1,Baseline,2,Team 06,Low-cost volume,Low-Cost Volume,211.25,211.25,521,482,0,156,0,37,54,13313.52,20292.55,-6979.03,11380.99,7000.0,0.7385,-309.75,1.4663,0.1945,459.65,0.0,508,0,1500.0,1500.0,0,0,,154.0,1050.0,TRUE,19.62,"Portfolio forecast WAPE was 146.63% against realized demand. Carried 54 backlog units into next round. Used $3,500.00 of planned borrowing. Liquidity stress flagged this round."
calibrated,2,Picky Customers,1,Team 01,Cash conservative,Community / Club,240.47,240.47,140,188,188,173,58,10,8,22342.08,12929.15,9412.93,32452.93,0.0,0.7194,100.47,0.4178,0.0179,138.38,62.05,303,112,750.0,750.0,0,0,,0.0,3899.93,FALSE,53.27,Portfolio forecast WAPE was 41.78% against realized demand. Lost 58 sales units across the portfolio. Carried 8 backlog units into next round.
calibrated,2,Picky Customers,1,Team 02,Balanced S&OP,Engineering Challenger,179.59,179.59,200,200,200,173,0,25,5,28892.0,21566.04,7325.96,35469.96,1000.0,0.9633,-20.41,0.1675,0.005,38.92,65.15,307,90,2500.0,2500.0,0,0,,22.0,5478.3,FALSE,62.77,"Portfolio forecast WAPE was 16.75% against realized demand. Carried 5 backlog units into next round. Used $1,000.00 of planned borrowing."
calibrated,2,Picky Customers,1,Team 03,Premium quality,Premium Quality,174.47,174.47,206,206,206,173,0,31,0,34405.2,21584.14,12821.06,38405.06,0.0,0.9916,-31.53,0.1807,0.005,38.92,76.3,270,54,1000.0,1000.0,0,0,,0.0,5251.85,FALSE,71.39,Portfolio forecast WAPE was 18.07% against realized demand.
calibrated,2,Picky Customers,1,Team 04,Innovation leap,Engineering Challenger,178.44,178.44,180,176,176,160,0,14,17,27898.5,25598.49,2300.01,36444.01,7000.0,0.8967,-1.56,0.1714,0.005,36.0,57.89,304,114,9000.0,9000.0,0,0,,154.0,6570.62,FALSE,61.3,"Portfolio forecast WAPE was 17.14% against realized demand. Carried 17 backlog units into next round. Used $7,000.00 of planned borrowing."
calibrated,2,Picky Customers,1,Team 05,Aggressive growth,Sponsorship Growth,246.23,246.23,439,372,320,240,0,69,5,33244.8,40462.67,-7217.87,31966.13,10000.0,0.9747,-192.77,0.7829,0.0273,294.29,86.96,368,0,4000.0,4000.0,0,0,,220.0,7362.23,FALSE,63.58,"Portfolio forecast WAPE was 78.29% against realized demand. Carried 5 backlog units into next round. Used $10,000.00 of planned borrowing."
calibrated,2,Picky Customers,1,Team 06,Low-cost volume,Low-Cost Volume,178.82,178.82,521,482,420,178,0,215,0,16214.0,35404.62,-19190.62,13541.38,3500.0,0.9954,-342.18,1.9135,0.0628,507.17,89.36,470,0,1500.0,1500.0,0,0,,77.0,13375.11,FALSE,44.59,"Portfolio forecast WAPE was 191.35% against realized demand. Used $3,500.00 of planned borrowing."
calibrated,2,Picky Customers,2,Team 01,Cash conservative,Community / Club,238.39,238.39,140,188,188,176,61,17,8,22654.2,13173.93,9480.27,41933.2,0.0,0.7143,98.39,0.4127,0.016,126.0,62.05,303,78,750.0,750.0,0,0,,0.0,3477.23,FALSE,46.59,Portfolio forecast WAPE was 41.27% against realized demand. Lost 61 sales units across the portfolio. Carried 8 backlog units into next round.
calibrated,2,Picky Customers,2,Team 02,Balanced S&OP,Engineering Challenger,192.73,192.73,200,200,200,183,0,40,13,30382.0,22214.49,8167.51,44637.47,2000.0,0.9255,-7.27,0.1205,0.005,41.17,62.7,319,106,2500.0,2500.0,0,0,,44.0,7660.08,FALSE,66.71,"Portfolio forecast WAPE was 12.05% against realized demand. Carried 13 backlog units into next round. Used $1,000.00 of planned borrowing."
calibrated,2,Picky Customers,2,Team 03,Premium quality,Premium Quality,187.34,187.34,206,206,206,186,0,49,0,37150.32,22168.79,14981.53,53386.59,0.0,0.9928,-18.66,0.0996,0.005,41.85,75.46,273,58,1000.0,1000.0,0,0,,0.0,7327.24,FALSE,76.79,Portfolio forecast WAPE was 9.96% against realized demand.
calibrated,2,Picky Customers,2,Team 04,Innovation leap,Engineering Challenger,190.98,190.98,180,176,176,170,19,18,18,29463.0,26130.73,3332.27,46776.28,14000.0,0.8174,10.98,0.1247,0.005,38.25,56.23,313,105,9000.0,9000.0,0,0,,308.0,7776.27,TRUE,60.5,"Portfolio forecast WAPE was 12.47% against realized demand. Lost 19 sales units across the portfolio. Carried 18 backlog units into next round. Used $7,000.00 of planned borrowing. Liquidity stress flagged this round."
calibrated,2,Picky Customers,2,Team 05,Aggressive growth,Sponsorship Growth,250.34,250.34,439,372,372,253,0,177,1,36021.12,44689.7,-8668.58,33297.55,20000.0,0.9908,-188.66,0.7536,0.025,286.61,91.63,406,112,4000.0,4000.0,0,0,,440.0,22138.16,TRUE,65.11,"Portfolio forecast WAPE was 75.36% against realized demand. Carried 1 backlog units into next round. Used $10,000.00 of planned borrowing. Liquidity stress flagged this round."
calibrated,2,Picky Customers,2,Team 06,Low-cost volume,Low-Cost Volume,185.22,185.22,521,482,0,141,0,74,43,12212.64,20100.21,-7887.57,9153.81,7000.0,0.7613,-335.78,1.8129,0.1848,394.51,0.0,508,0,1500.0,1500.0,0,0,,154.0,1050.0,TRUE,16.64,"Portfolio forecast WAPE was 181.29% against realized demand. Carried 43 backlog units into next round. Used $3,500.00 of planned borrowing. Liquidity stress flagged this round."
calibrated,3,Price Sensitive,1,Team 01,Cash conservative,Community / Club,342.86,342.86,115,170,170,165,170,0,7,21071.16,10339.18,10731.98,33771.98,0.0,0.4812,227.86,0.6646,0.0206,152.66,56.11,303,130,750.0,750.0,0,0,,0.0,3200.6,FALSE,46.66,Portfolio forecast WAPE was 66.46% against realized demand. Lost 170 sales units across the portfolio. Carried 7 backlog units into next round.
calibrated,3,Price Sensitive,1,Team 02,Balanced S&OP,Engineering Challenger,217.23,217.23,200,200,200,197,0,1,20,32468.0,19166.9,13301.1,41445.1,1000.0,0.9069,17.23,0.0969,0.005,44.32,65.15,307,90,2500.0,2500.0,0,0,,22.0,2940.54,FALSE,60.27,"Portfolio forecast WAPE was 9.69% against realized demand. Carried 20 backlog units into next round. Used $1,000.00 of planned borrowing."
calibrated,3,Price Sensitive,1,Team 03,Premium quality,Premium Quality,208.99,208.99,180,184,184,182,12,0,14,34192.8,19545.53,14647.27,40231.27,0.0,0.8709,28.99,0.1387,0.005,40.95,68.15,270,76,3000.0,3000.0,0,0,,0.0,2720.04,FALSE,66.97,Portfolio forecast WAPE was 13.87% against realized demand. Lost 12 sales units across the portfolio. Carried 14 backlog units into next round.
calibrated,3,Price Sensitive,1,Team 04,Innovation leap,Engineering Challenger,214.36,214.36,180,176,176,174,21,0,18,30088.8,23475.09,6613.71,40757.71,7000.0,0.8117,34.36,0.1603,0.005,39.15,57.89,304,114,9000.0,9000.0,0,0,,154.0,4705.98,FALSE,57.3,"Portfolio forecast WAPE was 16.03% against realized demand. Lost 21 sales units across the portfolio. Carried 18 backlog units into next round. Used $7,000.00 of planned borrowing."
calibrated,3,Price Sensitive,1,Team 05,Aggressive growth,Sponsorship Growth,331.71,331.71,439,372,320,301,0,8,29,40383.36,35845.28,4538.08,43722.08,10000.0,0.9074,-107.29,0.3234,0.0302,408.92,86.96,368,0,4000.0,4000.0,0,0,,220.0,2084.78,FALSE,61.67,"Portfolio forecast WAPE was 32.34% against realized demand. Carried 29 backlog units into next round. Used $10,000.00 of planned borrowing."
calibrated,3,Price Sensitive,1,Team 06,Low-cost volume,Low-Cost Volume,315.84,315.84,444,435,420,304,0,89,11,29076.08,24989.12,4086.96,33318.96,0.0,0.9625,-128.16,0.4058,0.0586,807.3,89.36,470,0,500.0,500.0,0,0,,0.0,4645.99,FALSE,45.87,Portfolio forecast WAPE was 40.58% against realized demand. Carried 11 backlog units into next round.
calibrated,3,Price Sensitive,2,Team 01,Cash conservative,Community / Club,343.42,343.42,115,170,170,165,177,0,7,21071.16,10518.15,10553.01,44324.99,0.0,0.4709,228.42,0.6651,0.0188,139.16,56.11,303,99,750.0,750.0,0,0,,0.0,2509.65,FALSE,33.21,Portfolio forecast WAPE was 66.51% against realized demand. Lost 177 sales units across the portfolio. Carried 7 backlog units into next round.
calibrated,3,Price Sensitive,2,Team 02,Balanced S&OP,Engineering Challenger,237.65,237.65,200,200,200,199,33,0,24,32766.0,19676.65,13089.35,55534.45,2000.0,0.7724,37.65,0.1584,0.005,44.77,62.7,319,106,2500.0,2500.0,0,0,,44.0,3594.48,FALSE,58.43,"Portfolio forecast WAPE was 15.84% against realized demand. Lost 33 sales units across the portfolio. Carried 24 backlog units into next round. Used $1,000.00 of planned borrowing."
calibrated,3,Price Sensitive,2,Team 03,Premium quality,Premium Quality,227.38,227.38,180,184,184,182,45,0,14,34192.8,19957.69,14235.11,54466.38,0.0,0.754,47.38,0.2084,0.005,40.95,65.02,283,76,3000.0,3000.0,0,0,,0.0,2801.36,FALSE,64.14,Portfolio forecast WAPE was 20.84% against realized demand. Lost 45 sales units across the portfolio. Carried 14 backlog units into next round.
calibrated,3,Price Sensitive,2,Team 04,Innovation leap,Engineering Challenger,233.02,233.02,180,176,176,174,58,0,18,30088.8,23968.44,6120.36,53878.07,14000.0,0.6932,53.02,0.2275,0.005,39.15,56.23,313,105,9000.0,9000.0,0,0,,308.0,5567.1,TRUE,51.99,"Portfolio forecast WAPE was 22.75% against realized demand. Lost 58 sales units across the portfolio. Carried 18 backlog units into next round. Used $7,000.00 of planned borrowing. Liquidity stress flagged this round."
calibrated,3,Price Sensitive,2,Team 05,Aggressive growth,Sponsorship Growth,340.36,340.36,439,372,372,331,0,38,37,45139.2,39425.14,5714.06,59436.14,20000.0,0.8961,-98.64,0.2898,0.0279,416.21,91.63,406,112,4000.0,4000.0,0,0,,440.0,9168.47,TRUE,60.56,"Portfolio forecast WAPE was 28.98% against realized demand. Carried 37 backlog units into next round. Used $10,000.00 of planned borrowing. Liquidity stress flagged this round."
calibrated,3,Price Sensitive,2,Team 06,Low-cost volume,Low-Cost Volume,317.18,317.18,444,435,0,89,148,0,89,7902.58,11458.58,-3556.0,29762.96,0.0,0.2712,-126.82,0.3998,0.1725,228.66,0.0,474,0,500.0,500.0,0,0,,0.0,0.0,FALSE,12.4,Portfolio forecast WAPE was 39.98% against realized demand. Lost 148 sales units across the portfolio. Carried 89 backlog units into next round.
calibrated,4,Tech Shift,1,Team 01,Cash conservative,Community / Club,292.39,292.39,87,142,142,137,148,0,5,17507.28,10007.78,7499.5,30539.5,0.0,0.4686,205.39,0.7025,0.0206,126.72,46.86,303,158,750.0,750.0,0,0,,0.0,4512.48,FALSE,44.34,Portfolio forecast WAPE was 70.25% against realized demand. Lost 148 sales units across the portfolio. Carried 5 backlog units into next round.
calibrated,4,Tech Shift,1,Team 02,Balanced S&OP,Engineering Challenger,211.1,211.1,200,200,200,188,0,10,22,31127.0,21508.61,9618.39,37762.39,1000.0,0.8906,11.1,0.1484,0.005,42.29,65.15,307,90,2500.0,2500.0,0,0,,22.0,4154.8,FALSE,60.62,"Portfolio forecast WAPE was 14.84% against realized demand. Carried 22 backlog units into next round. Used $1,000.00 of planned borrowing."
calibrated,4,Tech Shift,1,Team 03,Premium quality,Premium Quality,205.41,205.41,180,184,184,182,8,0,14,34192.8,21762.63,12430.17,38014.17,0.0,0.886,25.41,0.1237,0.005,40.95,68.15,270,76,3000.0,3000.0,0,0,,0.0,3156.28,FALSE,67.99,Portfolio forecast WAPE was 12.37% against realized demand. Lost 8 sales units across the portfolio. Carried 14 backlog units into next round.
calibrated,4,Tech Shift,1,Team 04,Innovation leap,Engineering Challenger,203.4,203.4,231,224,224,199,0,23,4,41107.24,22564.2,18543.04,45687.04,0.0,0.9784,-27.6,0.1372,0.005,44.77,73.68,304,66,1500.0,1500.0,0,0,,0.0,4577.68,FALSE,62.52,Portfolio forecast WAPE was 13.72% against realized demand. Carried 4 backlog units into next round.
calibrated,4,Tech Shift,1,Team 05,Aggressive growth,Sponsorship Growth,302.0,302.0,439,372,320,281,0,28,20,37943.04,40167.94,-2224.9,36959.1,10000.0,0.9305,-137.0,0.4536,0.0291,366.76,86.96,368,0,4000.0,4000.0,0,0,,220.0,3859.31,FALSE,62.3,"Portfolio forecast WAPE was 45.36% against realized demand. Carried 20 backlog units into next round. Used $10,000.00 of planned borrowing."
calibrated,4,Tech Shift,1,Team 06,Low-cost volume,Low-Cost Volume,224.68,224.68,521,482,420,223,0,168,0,20110.64,35036.06,-14925.42,17806.58,3500.0,0.9925,-296.32,1.3189,0.066,667.22,89.36,470,0,1500.0,1500.0,0,0,,77.0,10481.62,FALSE,44.81,"Portfolio forecast WAPE was 131.89% against realized demand. Used $3,500.00 of planned borrowing."
calibrated,4,Tech Shift,2,Team 01,Cash conservative,Community / Club,294.98,294.98,87,142,142,137,156,0,5,17507.28,10159.02,7348.26,37887.76,0.0,0.4567,207.98,0.7051,0.0187,115.47,46.86,303,132,750.0,750.0,0,0,,0.0,3867.6,FALSE,28.45,Portfolio forecast WAPE was 70.51% against realized demand. Lost 156 sales units across the portfolio. Carried 5 backlog units into next round.
calibrated,4,Tech Shift,2,Team 02,Balanced S&OP,Engineering Challenger,233.04,233.04,200,200,200,204,26,4,24,33511.0,21972.42,11538.58,50300.97,2000.0,0.7999,33.04,0.1418,0.005,45.9,62.7,319,106,2500.0,2500.0,0,0,,44.0,4456.88,FALSE,59.83,"Portfolio forecast WAPE was 14.18% against realized demand. Lost 26 sales units across the portfolio. Carried 24 backlog units into next round. Used $1,000.00 of planned borrowing."
calibrated,4,Tech Shift,2,Team 03,Premium quality,Premium Quality,226.29,226.29,180,184,184,182,43,0,14,34192.8,22174.79,12018.01,50032.18,0.0,0.7574,46.29,0.2046,0.005,40.95,65.02,283,76,3000.0,3000.0,0,0,,0.0,3237.6,FALSE,65.22,Portfolio forecast WAPE was 20.46% against realized demand. Lost 43 sales units across the portfolio. Carried 14 backlog units into next round.
calibrated,4,Tech Shift,2,Team 04,Innovation leap,Engineering Challenger,224.9,224.9,231,224,224,214,0,31,14,43878.64,23228.1,20650.54,66337.58,0.0,0.9349,-6.1,0.0875,0.005,48.15,72.96,307,79,1500.0,1500.0,0,0,,0.0,5932.84,FALSE,66.1,Portfolio forecast WAPE was 8.75% against realized demand. Carried 14 backlog units into next round.
calibrated,4,Tech Shift,2,Team 05,Aggressive growth,Sponsorship Growth,314.51,314.51,439,372,372,298,0,91,35,41360.64,44295.86,-2935.22,44023.88,20000.0,0.8909,-124.49,0.3958,0.0269,357.51,91.63,406,112,4000.0,4000.0,0,0,,440.0,14636.89,TRUE,61.28,"Portfolio forecast WAPE was 39.58% against realized demand. Carried 35 backlog units into next round. Used $10,000.00 of planned borrowing. Liquidity stress flagged this round."
calibrated,4,Tech Shift,2,Team 06,Low-cost volume,Low-Cost Volume,237.28,237.28,521,482,0,150,0,18,86,12790.8,20120.44,-7329.64,13976.94,7000.0,0.6322,-283.72,1.1957,0.1945,440.34,0.0,508,0,1500.0,1500.0,0,0,,154.0,1050.0,TRUE,15.96,"Portfolio forecast WAPE was 119.57% against realized demand. Carried 86 backlog units into next round. Used $3,500.00 of planned borrowing. Liquidity stress flagged this round."
calibrated,5,Beginner Boom,1,Team 01,Cash conservative,Community / Club,439.86,439.86,115,170,170,165,267,0,7,21071.16,10136.04,10935.12,33975.12,0.0,0.3751,324.86,0.7386,0.0206,152.66,56.11,303,130,750.0,750.0,0,0,,0.0,3123.9,FALSE,43.05,Portfolio forecast WAPE was 73.86% against realized demand. Lost 267 sales units across the portfolio. Carried 7 backlog units into next round.
calibrated,5,Beginner Boom,1,Team 02,Balanced S&OP,Engineering Challenger,274.68,274.68,200,200,200,198,52,0,24,32617.0,18862.71,13754.29,41898.29,1000.0,0.7208,74.68,0.2719,0.005,44.55,65.15,307,90,2500.0,2500.0,0,0,,22.0,2801.4,FALSE,54.41,"Portfolio forecast WAPE was 27.19% against realized demand. Lost 52 sales units across the portfolio. Carried 24 backlog units into next round. Used $1,000.00 of planned borrowing."
calibrated,5,Beginner Boom,1,Team 03,Premium quality,Premium Quality,264.45,264.45,180,184,184,182,68,0,14,34192.8,19217.14,14975.66,40559.66,0.0,0.6882,84.45,0.3193,0.005,40.95,68.15,270,76,3000.0,3000.0,0,0,,0.0,2655.44,FALSE,61.02,Portfolio forecast WAPE was 31.93% against realized demand. Lost 68 sales units across the portfolio. Carried 14 backlog units into next round.
calibrated,5,Beginner Boom,1,Team 04,Innovation leap,Engineering Challenger,271.05,271.05,180,176,176,174,78,0,18,30088.8,23187.31,6901.49,41045.49,7000.0,0.6419,91.05,0.3359,0.005,39.15,57.89,304,114,9000.0,9000.0,0,0,,154.0,4618.2,FALSE,51.72,"Portfolio forecast WAPE was 33.59% against realized demand. Lost 78 sales units across the portfolio. Carried 18 backlog units into next round. Used $7,000.00 of planned borrowing."
calibrated,5,Beginner Boom,1,Team 05,Aggressive growth,Sponsorship Growth,421.96,421.96,402,341,320,309,40,0,72,42369.32,32459.08,9910.24,41094.24,2000.0,0.7323,19.96,0.1145,0.0302,419.58,86.96,368,0,4000.0,4000.0,0,0,,44.0,300.0,FALSE,56.87,"Portfolio forecast WAPE was 11.45% against realized demand. Lost 40 sales units across the portfolio. Carried 72 backlog units into next round. Used $2,000.00 of planned borrowing."
calibrated,5,Beginner Boom,1,Team 06,Low-cost volume,Low-Cost Volume,410.99,410.99,459,450,420,364,0,29,45,35037.12,25351.29,9685.83,38917.83,0.0,0.8857,-48.01,0.238,0.0592,974.29,89.36,470,0,500.0,500.0,0,0,,0.0,1476.29,FALSE,44.05,Portfolio forecast WAPE was 23.80% against realized demand. Carried 45 backlog units into next round.
calibrated,5,Beginner Boom,2,Team 01,Cash conservative,Community / Club,509.15,509.15,115,170,170,165,343,0,7,21071.16,10313.74,10757.42,44732.54,0.0,0.3197,394.15,0.7741,0.0188,139.16,56.11,303,99,750.0,750.0,0,0,,0.0,2451.24,FALSE,24.52,Portfolio forecast WAPE was 77.41% against realized demand. Lost 343 sales units across the portfolio. Carried 7 backlog units into next round.
calibrated,5,Beginner Boom,2,Team 02,Balanced S&OP,Engineering Challenger,345.25,345.25,200,200,200,198,147,0,24,32617.0,19338.91,13278.09,56176.38,2000.0,0.5362,145.25,0.4207,0.005,44.55,62.7,319,106,2500.0,2500.0,0,0,,44.0,3518.16,FALSE,44.71,"Portfolio forecast WAPE was 42.07% against realized demand. Lost 147 sales units across the portfolio. Carried 24 backlog units into next round. Used $1,000.00 of planned borrowing."
calibrated,5,Beginner Boom,2,Team 03,Premium quality,Premium Quality,330.31,330.31,180,184,184,182,148,0,14,34192.8,19626.49,14566.31,55125.97,0.0,0.5286,150.31,0.4551,0.005,40.95,65.02,283,76,3000.0,3000.0,0,0,,0.0,2736.0,FALSE,50.84,Portfolio forecast WAPE was 45.51% against realized demand. Lost 148 sales units across the portfolio. Carried 14 backlog units into next round.
calibrated,5,Beginner Boom,2,Team 04,Innovation leap,Engineering Challenger,338.63,338.63,180,176,176,174,163,0,18,30088.8,23682.33,6406.47,54451.96,14000.0,0.4879,158.63,0.4684,0.005,39.15,56.23,313,105,9000.0,9000.0,0,0,,308.0,5487.3,TRUE,39.66,"Portfolio forecast WAPE was 46.84% against realized demand. Lost 163 sales units across the portfolio. Carried 18 backlog units into next round. Used $7,000.00 of planned borrowing. Liquidity stress flagged this round."
calibrated,5,Beginner Boom,2,Team 05,Aggressive growth,Sponsorship Growth,498.12,498.12,402,341,341,330,167,0,72,45274.04,34290.62,10983.42,54077.66,4000.0,0.5788,96.12,0.193,0.0279,415.04,89.5,381,102,4000.0,4000.0,0,0,,88.0,3573.3,FALSE,46.67,"Portfolio forecast WAPE was 19.30% against realized demand. Lost 167 sales units across the portfolio. Carried 72 backlog units into next round. Used $2,000.00 of planned borrowing."
calibrated,5,Beginner Boom,2,Team 06,Low-cost volume,Low-Cost Volume,461.54,461.54,459,450,0,29,384,0,92,2728.32,11905.78,-9177.46,29740.37,0.0,0.0573,2.54,0.196,0.1744,73.14,0.0,478,0,500.0,500.0,0,0,,0.0,0.0,FALSE,2.07,Portfolio forecast WAPE was 19.60% against realized demand. Lost 384 sales units across the portfolio. Carried 92 backlog units into next round.
calibrated,6,Premium Market,1,Team 01,Cash conservative,Community / Club,300.57,300.57,131,182,182,177,115,0,8,22607.28,12086.26,10521.02,33561.02,0.0,0.5889,169.57,0.5642,0.0179,142.4,60.07,303,118,750.0,750.0,0,0,,0.0,3263.88,FALSE,47.93,Portfolio forecast WAPE was 56.42% against realized demand. Lost 115 sales units across the portfolio. Carried 8 backlog units into next round.
calibrated,6,Premium Market,1,Team 02,Balanced S&OP,Engineering Challenger,242.25,242.25,200,200,200,198,19,0,24,32617.0,20950.21,11666.79,39810.79,1000.0,0.8173,42.25,0.1744,0.005,44.55,65.15,307,90,2500.0,2500.0,0,0,,22.0,3201.9,FALSE,58.18,"Portfolio forecast WAPE was 17.44% against realized demand. Lost 19 sales units across the portfolio. Carried 24 backlog units into next round. Used $1,000.00 of planned borrowing."
calibrated,6,Premium Market,1,Team 03,Premium quality,Premium Quality,237.5,237.5,206,210,210,208,12,0,16,42727.8,21486.94,21240.86,46824.86,0.0,0.8758,31.5,0.1326,0.005,46.8,77.78,270,50,1250.0,1250.0,0,0,,0.0,2010.5,FALSE,67.95,Portfolio forecast WAPE was 13.26% against realized demand. Lost 12 sales units across the portfolio. Carried 16 backlog units into next round.
calibrated,6,Premium Market,1,Team 04,Innovation leap,Engineering Challenger,242.11,242.11,180,176,176,174,50,0,18,30088.8,24963.07,5125.73,39269.73,7000.0,0.7187,62.11,0.2565,0.005,39.15,57.89,304,114,9000.0,9000.0,0,0,,154.0,5157.42,FALSE,53.77,"Portfolio forecast WAPE was 25.65% against realized demand. Lost 50 sales units across the portfolio. Carried 18 backlog units into next round. Used $7,000.00 of planned borrowing."
calibrated,6,Premium Market,1,Team 05,Aggressive growth,Sponsorship Growth,319.33,319.33,439,372,320,280,0,29,38,38206.08,39335.18,-1129.1,38054.9,10000.0,0.8768,-119.67,0.394,0.0273,343.42,86.96,368,0,4000.0,4000.0,0,0,,220.0,3869.26,FALSE,61.42,"Portfolio forecast WAPE was 39.40% against realized demand. Carried 38 backlog units into next round. Used $10,000.00 of planned borrowing."
calibrated,6,Premium Market,1,Team 06,Low-cost volume,Low-Cost Volume,214.24,214.24,521,482,420,213,0,180,0,19454.16,34140.77,-14686.61,18045.39,3500.0,0.9942,-306.76,1.4319,0.0628,607.11,89.36,470,0,1500.0,1500.0,0,0,,77.0,10860.46,FALSE,44.58,"Portfolio forecast WAPE was 143.19% against realized demand. Used $3,500.00 of planned borrowing."
calibrated,6,Premium Market,2,Team 01,Cash conservative,Community / Club,326.39,326.39,131,182,182,177,147,0,8,22607.28,12277.72,10329.56,43890.58,0.0,0.5293,195.39,0.5986,0.016,127.91,60.07,303,85,750.0,750.0,0,0,,0.0,2413.15,FALSE,33.89,Portfolio forecast WAPE was 59.86% against realized demand. Lost 147 sales units across the portfolio. Carried 8 backlog units into next round.
calibrated,6,Premium Market,2,Team 02,Balanced S&OP,Engineering Challenger,285.15,285.15,200,200,200,198,86,0,24,32617.0,21425.51,11191.49,52002.28,2000.0,0.6405,85.15,0.2986,0.005,44.55,62.7,319,106,2500.0,2500.0,0,0,,44.0,3989.86,FALSE,51.02,"Portfolio forecast WAPE was 29.86% against realized demand. Lost 86 sales units across the portfolio. Carried 24 backlog units into next round. Used $1,000.00 of planned borrowing."
calibrated,6,Premium Market,2,Team 03,Premium quality,Premium Quality,280.56,280.56,206,210,210,208,71,0,16,42727.8,21969.62,20758.18,67583.04,0.0,0.7014,74.56,0.2658,0.005,46.8,76.92,273,54,1250.0,1250.0,0,0,,0.0,2229.12,FALSE,62.81,Portfolio forecast WAPE was 26.58% against realized demand. Lost 71 sales units across the portfolio. Carried 16 backlog units into next round.
calibrated,6,Premium Market,2,Team 04,Innovation leap,Engineering Challenger,282.8,282.8,180,176,176,174,108,0,18,30088.8,25460.03,4628.77,50898.5,14000.0,0.5785,102.8,0.3635,0.005,39.15,56.23,313,105,9000.0,9000.0,0,0,,308.0,5983.95,TRUE,43.1,"Portfolio forecast WAPE was 36.35% against realized demand. Lost 108 sales units across the portfolio. Carried 18 backlog units into next round. Used $7,000.00 of planned borrowing. Liquidity stress flagged this round."
calibrated,6,Premium Market,2,Team 05,Aggressive growth,Sponsorship Growth,358.9,358.9,439,372,372,314,2,76,79,43724.16,43576.0,148.16,48203.06,20000.0,0.7911,-80.1,0.3492,0.025,352.23,91.63,406,112,4000.0,4000.0,0,0,,440.0,13042.61,TRUE,58.46,"Portfolio forecast WAPE was 34.92% against realized demand. Lost 2 sales units across the portfolio. Carried 79 backlog units into next round. Used $10,000.00 of planned borrowing. Liquidity stress flagged this round."
calibrated,6,Premium Market,2,Team 06,Low-cost volume,Low-Cost Volume,240.22,240.22,521,482,0,152,0,28,86,12749.44,19723.58,-6974.14,14571.25,7000.0,0.6328,-280.78,1.1688,0.1848,426.0,0.0,508,0,1500.0,1500.0,0,0,,154.0,1050.0,TRUE,13.82,"Portfolio forecast WAPE was 116.88% against realized demand. Carried 86 backlog units into next round. Used $3,500.00 of planned borrowing. Liquidity stress flagged this round."
calibrated,7,Demand Recession,1,Team 01,Cash conservative,Community / Club,167.49,167.49,207,225,225,163,0,56,4,21477.12,15951.37,5525.75,28565.75,0.0,0.9732,-39.51,0.3218,0.0206,148.99,74.26,303,75,750.0,750.0,0,0,,0.0,6178.4,FALSE,62.25,Portfolio forecast WAPE was 32.18% against realized demand. Carried 4 backlog units into next round.
calibrated,7,Demand Recession,1,Team 02,Balanced S&OP,Engineering Challenger,112.57,112.57,200,200,200,111,0,87,0,18534.0,22605.76,-4071.76,24072.24,1000.0,0.9861,-87.43,0.7767,0.005,24.98,65.15,307,90,2500.0,2500.0,0,0,,22.0,11256.87,FALSE,62.49,"Portfolio forecast WAPE was 77.67% against realized demand. Used $1,000.00 of planned borrowing."
calibrated,7,Demand Recession,1,Team 03,Premium quality,Premium Quality,108.97,108.97,180,184,184,108,0,74,0,20370.96,22902.78,-2531.82,23052.18,0.0,0.9911,-71.03,0.6518,0.005,24.31,68.15,270,76,3000.0,3000.0,0,0,,0.0,10702.71,FALSE,70.56,Portfolio forecast WAPE was 65.18% against realized demand.
calibrated,7,Demand Recession,1,Team 04,Innovation leap,Engineering Challenger,111.45,111.45,180,176,176,111,0,63,0,19497.45,26334.26,-6836.81,27307.19,7000.0,0.996,-68.55,0.6151,0.005,24.98,57.89,304,114,9000.0,9000.0,0,0,,154.0,11335.85,FALSE,62.62,"Portfolio forecast WAPE was 61.51% against realized demand. Used $7,000.00 of planned borrowing."
calibrated,7,Demand Recession,1,Team 05,Aggressive growth,Sponsorship Growth,165.41,165.41,439,372,320,164,0,145,0,22427.52,42195.17,-19767.65,19416.35,10000.0,0.9915,-273.59,1.654,0.0302,222.67,86.96,368,0,4000.0,4000.0,0,0,,220.0,14341.23,TRUE,62.79,"Portfolio forecast WAPE was 165.40% against realized demand. Used $10,000.00 of planned borrowing. Liquidity stress flagged this round."
calibrated,7,Demand Recession,1,Team 06,Low-cost volume,Low-Cost Volume,141.12,141.12,521,482,420,140,0,251,0,12680.8,36809.96,-24129.16,8602.84,3500.0,0.9921,-379.88,2.6919,0.066,418.91,89.36,470,0,1500.0,1500.0,0,0,,77.0,16179.65,FALSE,45.24,"Portfolio forecast WAPE was 269.19% against realized demand. Used $3,500.00 of planned borrowing."
calibrated,7,Demand Recession,2,Team 01,Cash conservative,Community / Club,173.95,173.95,207,225,225,154,11,122,12,20157.24,16661.73,3495.51,32061.26,0.0,0.8654,-33.05,0.4596,0.0187,126.69,74.26,303,34,750.0,750.0,0,0,,0.0,9793.2,FALSE,61.63,Portfolio forecast WAPE was 45.96% against realized demand. Lost 11 sales units across the portfolio. Carried 12 backlog units into next round.
calibrated,7,Demand Recession,2,Team 02,Balanced S&OP,Engineering Challenger,124.42,124.42,200,200,200,124,0,161,0,20611.0,23532.14,-2921.14,22151.1,2000.0,0.9966,-75.58,0.6075,0.005,27.9,62.7,319,106,2500.0,2500.0,0,0,,44.0,19048.19,TRUE,66.37,"Portfolio forecast WAPE was 60.75% against realized demand. Used $1,000.00 of planned borrowing. Liquidity stress flagged this round."
calibrated,7,Demand Recession,2,Team 03,Premium quality,Premium Quality,120.26,120.26,180,184,184,119,0,137,0,22511.52,23696.27,-1184.75,21867.43,0.0,0.9895,-59.74,0.4968,0.005,26.77,65.02,283,76,3000.0,3000.0,0,0,,0.0,17373.23,FALSE,75.09,Portfolio forecast WAPE was 49.68% against realized demand.
calibrated,7,Demand Recession,2,Team 04,Innovation leap,Engineering Challenger,123.23,123.23,180,176,176,122,0,115,0,21328.65,27146.47,-5817.82,28489.37,14000.0,0.99,-56.77,0.4607,0.005,27.44,56.23,313,105,9000.0,9000.0,0,0,,308.0,17178.27,TRUE,66.41,"Portfolio forecast WAPE was 46.07% against realized demand. Used $7,000.00 of planned borrowing. Liquidity stress flagged this round."
calibrated,7,Demand Recession,2,Team 05,Aggressive growth,Sponsorship Growth,171.71,171.71,439,372,372,170,0,336,0,23784.96,47055.17,-23270.21,6146.14,20000.0,0.99,-267.29,1.5566,0.0279,214.32,91.63,406,112,4000.0,4000.0,0,0,,440.0,37196.31,TRUE,63.83,"Portfolio forecast WAPE was 155.66% against realized demand. Used $10,000.00 of planned borrowing. Liquidity stress flagged this round."
calibrated,7,Demand Recession,2,Team 06,Low-cost volume,Low-Cost Volume,152.42,152.42,521,482,0,140,0,111,11,12580.48,20639.96,-8059.48,4043.36,7000.0,0.9185,-368.58,2.4182,0.1945,410.34,0.0,508,0,1500.0,1500.0,0,0,,154.0,1050.0,TRUE,24.71,"Portfolio forecast WAPE was 241.82% against realized demand. Carried 11 backlog units into next round. Used $3,500.00 of planned borrowing. Liquidity stress flagged this round."
calibrated,8,Demand Boom,1,Team 01,Cash conservative,Community / Club,506.34,506.34,102,160,160,155,344,0,6,19818.6,10783.94,9034.66,32074.66,0.0,0.3061,404.34,0.7986,0.0179,124.65,52.81,303,140,750.0,750.0,0,0,,0.0,3869.6,FALSE,39.27,Portfolio forecast WAPE was 79.86% against realized demand. Lost 344 sales units across the portfolio. Carried 6 backlog units into next round.
calibrated,8,Demand Boom,1,Team 02,Balanced S&OP,Engineering Challenger,352.13,352.13,220,216,216,214,112,0,26,35246.0,22008.79,13237.21,40381.21,0.0,0.6077,132.13,0.3752,0.005,48.15,70.36,307,74,2500.0,2500.0,0,0,,0.0,2507.12,FALSE,50.14,Portfolio forecast WAPE was 37.52% against realized demand. Lost 112 sales units across the portfolio. Carried 26 backlog units into next round.
calibrated,8,Demand Boom,1,Team 03,Premium quality,Premium Quality,340.14,340.14,180,184,184,182,143,0,14,34192.8,21240.07,12952.73,38536.73,0.0,0.5351,160.14,0.4708,0.005,40.95,68.15,270,76,3000.0,3000.0,0,0,,0.0,3053.68,FALSE,55.25,Portfolio forecast WAPE was 47.08% against realized demand. Lost 143 sales units across the portfolio. Carried 14 backlog units into next round.
calibrated,8,Demand Boom,1,Team 04,Innovation leap,Engineering Challenger,348.6,348.6,180,176,176,174,156,0,18,30088.8,24951.99,5136.81,39280.81,7000.0,0.4991,168.6,0.4836,0.005,39.15,57.89,304,114,9000.0,9000.0,0,0,,154.0,5154.0,FALSE,46.1,"Portfolio forecast WAPE was 48.36% against realized demand. Lost 156 sales units across the portfolio. Carried 18 backlog units into next round. Used $7,000.00 of planned borrowing."
calibrated,8,Demand Boom,1,Team 05,Aggressive growth,Sponsorship Growth,503.25,503.25,368,347,320,309,127,0,66,44174.16,31162.19,13011.97,44695.97,2500.0,0.614,135.25,0.2688,0.0273,379.45,86.96,368,0,1000.0,1000.0,0,0,,55.0,375.0,FALSE,52.32,"Portfolio forecast WAPE was 26.88% against realized demand. Lost 127 sales units across the portfolio. Carried 66 backlog units into next round. Used $2,500.00 of planned borrowing."
calibrated,8,Demand Boom,1,Team 06,Low-cost volume,Low-Cost Volume,404.56,404.56,521,482,420,352,0,41,51,31130.0,34184.34,-3054.34,29677.66,3500.0,0.8701,-116.44,0.3898,0.0628,999.24,89.36,470,0,1500.0,1500.0,0,0,,77.0,2877.14,FALSE,42.71,"Portfolio forecast WAPE was 38.98% against realized demand. Carried 51 backlog units into next round. Used $3,500.00 of planned borrowing."
calibrated,8,Demand Boom,2,Team 01,Cash conservative,Community / Club,634.68,634.68,102,160,160,156,477,0,6,19953.24,10953.88,8999.36,41074.02,0.0,0.2435,532.68,0.8393,0.016,112.55,52.81,303,111,750.0,750.0,0,0,,0.0,3149.07,FALSE,16.56,Portfolio forecast WAPE was 83.93% against realized demand. Lost 477 sales units across the portfolio. Carried 6 backlog units into next round.
calibrated,8,Demand Boom,2,Team 02,Balanced S&OP,Engineering Challenger,479.04,479.04,220,216,216,214,264,0,26,35246.0,22497.54,12748.46,53129.67,0.0,0.4237,259.04,0.5407,0.005,48.15,68.35,316,91,2500.0,2500.0,0,0,,0.0,3164.98,FALSE,35.62,Portfolio forecast WAPE was 54.07% against realized demand. Lost 264 sales units across the portfolio. Carried 26 backlog units into next round.
calibrated,8,Demand Boom,2,Team 03,Premium quality,Premium Quality,459.02,459.02,180,184,184,182,276,0,14,34192.8,21654.07,12538.73,51075.46,0.0,0.3848,279.02,0.6079,0.005,40.95,65.02,283,76,3000.0,3000.0,0,0,,0.0,3135.0,FALSE,39.1,Portfolio forecast WAPE was 60.79% against realized demand. Lost 276 sales units across the portfolio. Carried 14 backlog units into next round.
calibrated,8,Demand Boom,2,Team 04,Innovation leap,Engineering Challenger,470.3,470.3,180,176,176,174,295,0,18,30088.8,25448.77,4640.03,50920.84,14000.0,0.3563,290.3,0.6173,0.005,39.15,56.23,313,105,9000.0,9000.0,0,0,,308.0,5980.8,TRUE,28.31,"Portfolio forecast WAPE was 61.73% against realized demand. Lost 295 sales units across the portfolio. Carried 18 backlog units into next round. Used $7,000.00 of planned borrowing. Liquidity stress flagged this round."
calibrated,8,Demand Boom,2,Team 05,Aggressive growth,Sponsorship Growth,646.4,646.4,368,347,347,336,308,0,66,47995.08,33170.75,14824.33,62020.3,5000.0,0.4716,278.4,0.4307,0.0251,379.07,90.36,384,28,1000.0,1000.0,0,0,,110.0,1684.92,FALSE,37.49,"Portfolio forecast WAPE was 43.07% against realized demand. Lost 308 sales units across the portfolio. Carried 66 backlog units into next round. Used $2,500.00 of planned borrowing."
calibrated,8,Demand Boom,2,Team 06,Low-cost volume,Low-Cost Volume,491.58,491.58,521,482,0,41,396,0,104,3488.32,19409.02,-15920.7,17256.96,7000.0,0.0756,-29.42,0.2946,0.1848,111.4,0.0,508,0,1500.0,1500.0,0,0,,154.0,1050.0,TRUE,0.0,"Portfolio forecast WAPE was 29.46% against realized demand. Lost 396 sales units across the portfolio. Carried 104 backlog units into next round. Used $3,500.00 of planned borrowing. Liquidity stress flagged this round."
calibrated,9,Supply Shock,1,Team 01,Cash conservative,Community / Club,238.07,238.07,207,225,225,198,26,19,12,25730.52,18171.58,7558.94,30598.94,0.0,0.8317,31.07,0.2567,0.025,221.49,74.26,303,75,750.0,750.0,0,0,,0.0,4172.48,FALSE,57.18,Portfolio forecast WAPE was 25.67% against realized demand. Lost 26 sales units across the portfolio. Carried 12 backlog units into next round.
calibrated,9,Supply Shock,1,Team 02,Balanced S&OP,Engineering Challenger,166.42,166.42,200,200,200,165,0,33,0,27595.0,25177.66,2417.34,30561.34,1000.0,0.9915,-33.58,0.2018,0.0065,46.7,65.15,307,90,2500.0,2500.0,0,0,,22.0,7432.9,FALSE,62.7,"Portfolio forecast WAPE was 20.18% against realized demand. Used $1,000.00 of planned borrowing."
calibrated,9,Supply Shock,1,Team 03,Premium quality,Premium Quality,161.88,161.88,180,184,184,161,0,21,0,30367.44,25400.66,4966.78,30550.78,0.0,0.9946,-18.12,0.1119,0.005,36.23,68.15,270,76,3000.0,3000.0,0,0,,0.0,6289.91,FALSE,70.94,Portfolio forecast WAPE was 11.19% against realized demand.
calibrated,9,Supply Shock,1,Team 04,Innovation leap,Engineering Challenger,165.33,165.33,180,176,176,156,0,18,8,27272.7,28601.31,-1328.61,32815.39,7000.0,0.9436,-14.67,0.1612,0.005,35.1,57.89,304,114,9000.0,9000.0,0,0,,154.0,8178.39,FALSE,61.84,"Portfolio forecast WAPE was 16.12% against realized demand. Carried 8 backlog units into next round. Used $7,000.00 of planned borrowing."
calibrated,9,Supply Shock,1,Team 05,Aggressive growth,Sponsorship Growth,238.02,238.02,439,372,320,237,0,70,0,32570.88,47380.62,-14809.74,24374.26,10000.0,0.9957,-200.98,0.8444,0.035,372.88,86.96,368,0,4000.0,4000.0,0,0,,220.0,8688.16,FALSE,62.96,"Portfolio forecast WAPE was 84.44% against realized demand. Used $10,000.00 of planned borrowing."
calibrated,9,Supply Shock,1,Team 06,Low-cost volume,Low-Cost Volume,194.29,194.29,521,482,420,194,0,194,0,17601.76,41686.78,-24085.02,8646.98,3500.0,0.9985,-326.71,1.6816,0.0714,627.59,89.36,470,0,1500.0,1500.0,0,0,,77.0,14603.36,FALSE,44.12,"Portfolio forecast WAPE was 168.16% against realized demand. Used $3,500.00 of planned borrowing."
calibrated,9,Supply Shock,2,Team 01,Cash conservative,Community / Club,262.05,262.05,207,225,75,91,169,0,12,11162.88,11171.15,-8.27,30590.67,0.0,0.3321,55.05,0.2688,0.0232,98.16,24.75,303,0,750.0,750.0,0,0,,0.0,0.0,FALSE,36.5,Portfolio forecast WAPE was 26.88% against realized demand. Lost 169 sales units across the portfolio. Carried 12 backlog units into next round.
calibrated,9,Supply Shock,2,Team 02,Balanced S&OP,Engineering Challenger,197.09,197.09,200,200,90,121,51,0,24,19499.0,19042.55,456.45,32017.79,2000.0,0.6139,-2.91,0.1007,0.005,27.23,28.21,319,0,2500.0,2500.0,0,0,,44.0,300.0,FALSE,55.65,"Portfolio forecast WAPE was 10.07% against realized demand. Lost 51 sales units across the portfolio. Carried 24 backlog units into next round. Used $1,000.00 of planned borrowing."
calibrated,9,Supply Shock,2,Team 03,Premium quality,Premium Quality,191.34,191.34,180,184,184,186,0,17,4,35154.0,25841.81,9312.19,39862.97,0.0,0.9721,11.34,0.0722,0.005,41.86,65.02,283,76,3000.0,3000.0,0,0,,0.0,5951.72,FALSE,75.4,Portfolio forecast WAPE was 7.22% against realized demand. Carried 4 backlog units into next round.
calibrated,9,Supply Shock,2,Team 04,Innovation leap,Engineering Challenger,195.2,195.2,180,176,176,174,10,18,18,30088.8,29204.78,884.02,40699.41,14000.0,0.8563,15.2,0.105,0.005,39.15,56.23,313,105,9000.0,9000.0,0,0,,308.0,8957.0,TRUE,62.31,"Portfolio forecast WAPE was 10.50% against realized demand. Lost 10 sales units across the portfolio. Carried 18 backlog units into next round. Used $7,000.00 of planned borrowing. Liquidity stress flagged this round."
calibrated,9,Supply Shock,2,Team 05,Aggressive growth,Sponsorship Growth,251.91,251.91,439,372,0,70,102,0,79,8693.76,28472.42,-19778.66,14595.6,20000.0,0.2779,-187.09,0.7427,0.0989,100.98,0.0,406,0,4000.0,4000.0,0,0,,440.0,3000.0,TRUE,33.16,"Portfolio forecast WAPE was 74.27% against realized demand. Lost 102 sales units across the portfolio. Carried 79 backlog units into next round. Used $10,000.00 of planned borrowing. Liquidity stress flagged this round."
calibrated,9,Supply Shock,2,Team 06,Low-cost volume,Low-Cost Volume,220.43,220.43,521,482,0,163,0,31,56,13914.56,23165.13,-9250.57,2896.41,7000.0,0.7395,-300.57,1.3636,0.2107,519.69,0.0,508,0,1500.0,1500.0,0,0,,154.0,1050.0,TRUE,15.24,"Portfolio forecast WAPE was 136.36% against realized demand. Carried 56 backlog units into next round. Used $3,500.00 of planned borrowing. Liquidity stress flagged this round."
calibrated,10,Cost Inflation,1,Team 01,Cash conservative,Community / Club,248.03,248.03,207,225,225,201,33,18,12,26073.24,18997.7,7075.54,30115.54,0.0,0.8104,41.03,0.2722,0.0206,184.59,74.26,303,75,750.0,750.0,0,0,,0.0,4309.6,FALSE,57.05,Portfolio forecast WAPE was 27.22% against realized demand. Lost 33 sales units across the portfolio. Carried 12 backlog units into next round.
calibrated,10,Cost Inflation,1,Team 02,Balanced S&OP,Engineering Challenger,174.09,174.09,200,200,200,172,0,26,1,28743.0,26229.64,2513.36,30657.36,1000.0,0.988,-25.91,0.154,0.005,38.7,65.15,307,90,2500.0,2500.0,0,0,,22.0,7055.95,FALSE,62.64,"Portfolio forecast WAPE was 15.40% against realized demand. Carried 1 backlog units into next round. Used $1,000.00 of planned borrowing."
calibrated,10,Cost Inflation,1,Team 03,Premium quality,Premium Quality,168.86,168.86,180,184,184,168,0,14,0,31710.96,26426.46,5284.5,30868.5,0.0,0.9949,-11.14,0.066,0.005,37.8,68.15,270,76,3000.0,3000.0,0,0,,0.0,5776.16,FALSE,70.79,Portfolio forecast WAPE was 6.60% against realized demand.
calibrated,10,Cost Inflation,1,Team 04,Innovation leap,Engineering Challenger,172.64,172.64,180,176,176,159,0,15,12,27742.05,29552.77,-1810.72,32333.28,7000.0,0.921,-7.36,0.1581,0.005,35.78,57.89,304,114,9000.0,9000.0,0,0,,154.0,8221.25,FALSE,61.2,"Portfolio forecast WAPE was 15.81% against realized demand. Carried 12 backlog units into next round. Used $7,000.00 of planned borrowing."
calibrated,10,Cost Inflation,1,Team 05,Aggressive growth,Sponsorship Growth,248.54,248.54,439,372,320,246,0,63,1,33843.84,49392.8,-15548.96,23635.04,10000.0,0.9898,-190.46,0.7663,0.0302,333.8,86.96,368,0,4000.0,4000.0,0,0,,220.0,8307.49,FALSE,63.48,"Portfolio forecast WAPE was 76.63% against realized demand. Carried 1 backlog units into next round. Used $10,000.00 of planned borrowing."
calibrated,10,Cost Inflation,1,Team 06,Low-cost volume,Low-Cost Volume,199.83,199.83,521,482,420,199,0,192,0,18059.36,43545.2,-25485.84,7246.16,3500.0,0.9958,-321.17,1.6072,0.066,595.59,89.36,470,0,1500.0,1500.0,0,0,,77.0,15201.78,FALSE,45.04,"Portfolio forecast WAPE was 160.72% against realized demand. Used $3,500.00 of planned borrowing."
calibrated,10,Cost Inflation,2,Team 01,Cash conservative,Community / Club,262.68,262.68,207,225,225,205,56,33,12,26411.88,19335.76,7076.12,37191.66,0.0,0.7463,55.68,0.2704,0.0187,171.33,74.26,303,34,750.0,750.0,0,0,,0.0,4153.87,FALSE,51.99,Portfolio forecast WAPE was 27.04% against realized demand. Lost 56 sales units across the portfolio. Carried 12 backlog units into next round.
calibrated,10,Cost Inflation,2,Team 02,Balanced S&OP,Engineering Challenger,198.15,198.15,200,200,200,188,0,36,11,31127.0,26875.59,4251.41,35908.77,2000.0,0.944,-1.85,0.1012,0.005,42.29,62.7,319,106,2500.0,2500.0,0,0,,44.0,9189.01,FALSE,66.27,"Portfolio forecast WAPE was 10.12% against realized demand. Carried 11 backlog units into next round. Used $1,000.00 of planned borrowing."
calibrated,10,Cost Inflation,2,Team 03,Premium quality,Premium Quality,192.07,192.07,180,184,184,182,0,14,9,34315.92,26939.13,7376.79,38245.29,0.0,0.9476,12.07,0.0738,0.005,40.95,65.02,283,76,3000.0,3000.0,0,0,,0.0,5890.92,FALSE,74.54,Portfolio forecast WAPE was 7.38% against realized demand. Carried 9 backlog units into next round.
calibrated,10,Cost Inflation,2,Team 04,Innovation leap,Engineering Challenger,195.95,195.95,180,176,176,174,15,15,18,30088.8,30116.35,-27.55,39305.73,14000.0,0.8367,15.95,0.1062,0.005,39.15,56.23,313,105,9000.0,9000.0,0,0,,308.0,8971.36,TRUE,60.82,"Portfolio forecast WAPE was 10.62% against realized demand. Lost 15 sales units across the portfolio. Carried 18 backlog units into next round. Used $7,000.00 of planned borrowing. Liquidity stress flagged this round."
calibrated,10,Cost Inflation,2,Team 05,Aggressive growth,Sponsorship Growth,266.79,266.79,439,372,372,267,0,157,0,37589.76,54194.12,-16604.36,17030.68,20000.0,0.997,-172.21,0.6455,0.0279,336.75,91.63,406,112,4000.0,4000.0,0,0,,440.0,25083.5,TRUE,64.63,"Portfolio forecast WAPE was 64.55% against realized demand. Used $10,000.00 of planned borrowing. Liquidity stress flagged this round."
calibrated,10,Cost Inflation,2,Team 06,Low-cost volume,Low-Cost Volume,218.37,218.37,521,482,0,161,0,31,56,13720.96,24046.79,-10325.83,420.33,7000.0,0.7373,-302.63,1.3859,0.1945,474.45,0.0,508,0,1500.0,1500.0,0,0,,154.0,1050.0,TRUE,19.32,"Portfolio forecast WAPE was 138.59% against realized demand. Carried 56 backlog units into next round. Used $3,500.00 of planned borrowing. Liquidity stress flagged this round."
calibrated,11,Fast Lifecycle,1,Team 01,Cash conservative,Community / Club,322.05,322.05,87,142,142,137,179,0,5,17507.28,10106.86,7400.42,30440.42,0.0,0.4254,235.05,0.7299,0.0206,126.72,46.86,303,158,750.0,750.0,0,0,,0.0,4566.2,FALSE,42.23,Portfolio forecast WAPE was 72.99% against realized demand. Lost 179 sales units across the portfolio. Carried 5 backlog units into next round.
calibrated,11,Fast Lifecycle,1,Team 02,Balanced S&OP,Engineering Challenger,217.23,217.23,200,200,200,194,0,4,23,32021.0,21679.58,10341.42,38485.42,1000.0,0.8931,17.23,0.125,0.005,43.64,65.15,307,90,2500.0,2500.0,0,0,,22.0,3684.58,FALSE,60.77,"Portfolio forecast WAPE was 12.50% against realized demand. Carried 23 backlog units into next round. Used $1,000.00 of planned borrowing."
calibrated,11,Fast Lifecycle,1,Team 03,Premium quality,Premium Quality,210.9,210.9,180,184,184,182,13,0,14,34192.8,21953.99,12238.81,37822.81,0.0,0.863,30.9,0.1465,0.005,40.95,68.15,270,76,3000.0,3000.0,0,0,,0.0,3194.28,FALSE,67.27,Portfolio forecast WAPE was 14.65% against realized demand. Lost 13 sales units across the portfolio. Carried 14 backlog units into next round.
calibrated,11,Fast Lifecycle,1,Team 04,Innovation leap,Engineering Challenger,209.64,209.64,227,220,220,200,0,18,9,40540.6,22443.15,18097.45,45241.45,0.0,0.954,-17.36,0.1342,0.005,45.0,72.37,304,70,1500.0,1500.0,0,0,,0.0,4333.05,FALSE,62.13,Portfolio forecast WAPE was 13.42% against realized demand. Carried 9 backlog units into next round.
calibrated,11,Fast Lifecycle,1,Team 05,Aggressive growth,Sponsorship Growth,325.2,325.2,439,372,320,296,0,13,28,39682.56,40551.79,-869.23,38314.77,10000.0,0.9102,-113.8,0.3499,0.0291,387.31,86.96,368,0,4000.0,4000.0,0,0,,220.0,2607.89,FALSE,61.86,"Portfolio forecast WAPE was 34.99% against realized demand. Carried 28 backlog units into next round. Used $10,000.00 of planned borrowing."
calibrated,11,Fast Lifecycle,1,Team 06,Low-cost volume,Low-Cost Volume,267.97,267.97,521,482,420,266,0,125,0,23908.72,35243.3,-11334.58,21397.42,3500.0,0.9926,-253.03,0.9442,0.066,795.29,89.36,470,0,1500.0,1500.0,0,0,,77.0,8019.24,FALSE,44.63,"Portfolio forecast WAPE was 94.42% against realized demand. Used $3,500.00 of planned borrowing."
calibrated,11,Fast Lifecycle,2,Team 01,Cash conservative,Community / Club,334.02,334.02,87,142,142,137,196,0,5,17507.28,10257.61,7249.67,37690.09,0.0,0.4041,247.02,0.7395,0.0187,115.47,46.86,303,132,750.0,750.0,0,0,,0.0,3912.48,FALSE,23.92,Portfolio forecast WAPE was 73.95% against realized demand. Lost 196 sales units across the portfolio. Carried 5 backlog units into next round.
calibrated,11,Fast Lifecycle,2,Team 02,Balanced S&OP,Engineering Challenger,247.7,247.7,200,200,200,202,43,0,24,33213.0,22144.69,11068.31,50553.73,2000.0,0.7462,47.7,0.1926,0.005,45.45,62.7,319,106,2500.0,2500.0,0,0,,44.0,4152.04,FALSE,58.03,"Portfolio forecast WAPE was 19.26% against realized demand. Lost 43 sales units across the portfolio. Carried 24 backlog units into next round. Used $1,000.00 of planned borrowing."
calibrated,11,Fast Lifecycle,2,Team 03,Premium quality,Premium Quality,239.32,239.32,180,184,184,182,56,0,14,34192.8,22367.02,11825.78,49648.59,0.0,0.7185,59.32,0.2479,0.005,40.95,65.02,283,76,3000.0,3000.0,0,0,,0.0,3275.6,FALSE,63.0,Portfolio forecast WAPE was 24.79% against realized demand. Lost 56 sales units across the portfolio. Carried 14 backlog units into next round.
calibrated,11,Fast Lifecycle,2,Team 04,Innovation leap,Engineering Challenger,239.17,239.17,227,220,220,219,5,17,23,43994.42,23083.15,20911.27,66152.72,0.0,0.8825,12.17,0.0817,0.005,49.27,71.66,307,83,1500.0,1500.0,0,0,,0.0,4863.21,FALSE,64.4,Portfolio forecast WAPE was 8.17% against realized demand. Lost 5 sales units across the portfolio. Carried 23 backlog units into next round.
calibrated,11,Fast Lifecycle,2,Team 05,Aggressive growth,Sponsorship Growth,347.88,347.88,439,372,372,331,0,43,43,45098.88,44528.03,570.85,48885.62,20000.0,0.8806,-91.12,0.2659,0.0269,398.9,91.63,406,112,4000.0,4000.0,0,0,,440.0,10622.03,TRUE,60.63,"Portfolio forecast WAPE was 26.59% against realized demand. Carried 43 backlog units into next round. Used $10,000.00 of planned borrowing. Liquidity stress flagged this round."
calibrated,11,Fast Lifecycle,2,Team 06,Low-cost volume,Low-Cost Volume,284.91,284.91,521,482,0,125,54,0,104,10545.04,20278.77,-9733.73,15163.69,7000.0,0.4387,-236.09,0.8286,0.1945,365.21,0.0,508,0,1500.0,1500.0,0,0,,154.0,1050.0,TRUE,7.9,"Portfolio forecast WAPE was 82.86% against realized demand. Lost 54 sales units across the portfolio. Carried 104 backlog units into next round. Used $3,500.00 of planned borrowing. Liquidity stress flagged this round."
calibrated,12,Warranty Sensitive,1,Team 01,Cash conservative,Community / Club,247.35,247.35,140,188,188,173,65,9,8,22297.2,14053.28,8243.92,31283.92,0.0,0.6994,107.35,0.434,0.025,194.14,62.05,303,112,750.0,750.0,0,0,,0.0,4202.2,FALSE,51.35,Portfolio forecast WAPE was 43.40% against realized demand. Lost 65 sales units across the portfolio. Carried 8 backlog units into next round.
calibrated,12,Warranty Sensitive,1,Team 02,Balanced S&OP,Engineering Challenger,190.3,190.3,200,200,200,177,0,21,12,29488.0,23231.89,6256.11,34400.11,1000.0,0.9301,-9.7,0.1706,0.0065,50.49,65.15,307,90,2500.0,2500.0,0,0,,22.0,5606.19,FALSE,61.79,"Portfolio forecast WAPE was 17.06% against realized demand. Carried 12 backlog units into next round. Used $1,000.00 of planned borrowing."
calibrated,12,Warranty Sensitive,1,Team 03,Premium quality,Premium Quality,185.46,185.46,200,204,204,184,0,18,0,37219.76,23573.3,13646.46,39230.46,0.0,0.9921,-14.54,0.0784,0.005,41.4,75.56,270,56,750.0,750.0,0,0,,0.0,4516.65,FALSE,71.39,Portfolio forecast WAPE was 7.84% against realized demand.
calibrated,12,Warranty Sensitive,1,Team 04,Innovation leap,Engineering Challenger,189.59,189.59,180,176,176,165,6,9,18,28680.75,26949.91,1730.84,35874.84,7000.0,0.8703,9.59,0.1725,0.005,37.12,57.89,304,114,9000.0,9000.0,0,0,,154.0,6614.83,FALSE,60.13,"Portfolio forecast WAPE was 17.25% against realized demand. Lost 6 sales units across the portfolio. Carried 18 backlog units into next round. Used $7,000.00 of planned borrowing."
calibrated,12,Warranty Sensitive,1,Team 05,Aggressive growth,Sponsorship Growth,255.34,255.34,439,372,320,245,0,62,9,33905.28,43622.03,-9716.75,29467.25,10000.0,0.9595,-183.66,0.7193,0.035,385.11,86.96,368,0,4000.0,4000.0,0,0,,220.0,7257.89,FALSE,62.07,"Portfolio forecast WAPE was 71.93% against realized demand. Carried 9 backlog units into next round. Used $10,000.00 of planned borrowing."
calibrated,12,Warranty Sensitive,1,Team 06,Low-cost volume,Low-Cost Volume,178.95,178.95,521,482,420,177,0,211,0,16156.8,38250.94,-22094.14,10637.86,3500.0,0.9891,-342.05,1.9114,0.0714,573.18,89.36,470,0,1500.0,1500.0,0,0,,77.0,14340.99,FALSE,43.19,"Portfolio forecast WAPE was 191.14% against realized demand. Used $3,500.00 of planned borrowing."
calibrated,12,Warranty Sensitive,2,Team 01,Cash conservative,Community / Club,248.57,248.57,140,188,112,117,130,0,8,14730.84,10781.51,3949.33,35233.25,0.0,0.456,108.57,0.4368,0.0232,123.63,36.96,303,0,750.0,750.0,0,0,,0.0,0.0,FALSE,33.43,Portfolio forecast WAPE was 43.68% against realized demand. Lost 130 sales units across the portfolio. Carried 8 backlog units into next round.
calibrated,12,Warranty Sensitive,2,Team 02,Balanced S&OP,Engineering Challenger,207.7,207.7,200,200,90,109,86,0,24,17606.0,17601.59,4.41,35404.52,2000.0,0.4961,7.7,0.1205,0.005,24.53,28.21,319,0,2500.0,2500.0,0,0,,44.0,300.0,FALSE,49.5,"Portfolio forecast WAPE was 12.05% against realized demand. Lost 86 sales units across the portfolio. Carried 24 backlog units into next round. Used $1,000.00 of planned borrowing."
calibrated,12,Warranty Sensitive,2,Team 03,Premium quality,Premium Quality,202.61,202.61,200,204,204,201,0,19,0,40825.04,24045.14,16779.9,56010.36,0.0,0.9921,2.61,0.0558,0.005,45.23,72.08,283,56,750.0,750.0,0,0,,0.0,4726.73,FALSE,76.78,Portfolio forecast WAPE was 5.58% against realized demand.
calibrated,12,Warranty Sensitive,2,Team 04,Innovation leap,Engineering Challenger,206.0,206.0,180,176,176,177,28,6,18,30558.15,27432.36,3125.79,46000.63,14000.0,0.7902,26.0,0.1262,0.005,39.82,56.23,313,105,9000.0,9000.0,0,0,,308.0,7117.53,TRUE,58.15,"Portfolio forecast WAPE was 12.62% against realized demand. Lost 28 sales units across the portfolio. Carried 18 backlog units into next round. Used $7,000.00 of planned borrowing. Liquidity stress flagged this round."
calibrated,12,Warranty Sensitive,2,Team 05,Aggressive growth,Sponsorship Growth,248.77,248.77,439,372,0,62,116,0,79,7359.36,26481.8,-19122.44,20344.81,20000.0,0.2405,-190.23,0.7647,0.0989,89.92,0.0,406,0,4000.0,4000.0,0,0,,440.0,3000.0,TRUE,28.03,"Portfolio forecast WAPE was 76.47% against realized demand. Lost 116 sales units across the portfolio. Carried 79 backlog units into next round. Used $10,000.00 of planned borrowing. Liquidity stress flagged this round."
calibrated,12,Warranty Sensitive,2,Team 06,Low-cost volume,Low-Cost Volume,187.36,187.36,521,482,0,140,0,71,46,12084.16,21533.19,-9449.03,4688.83,7000.0,0.7472,-333.64,1.7807,0.2107,446.07,0.0,508,0,1500.0,1500.0,0,0,,154.0,1050.0,TRUE,10.97,"Portfolio forecast WAPE was 178.07% against realized demand. Carried 46 backlog units into next round. Used $3,500.00 of planned borrowing. Liquidity stress flagged this round."
calibrated,13,Price War,1,Team 01,Cash conservative,Community / Club,475.94,475.94,102,160,160,155,313,0,6,19818.6,9431.04,10387.56,33427.56,0.0,0.3257,373.94,0.7857,0.0206,143.34,52.81,303,140,750.0,750.0,0,0,,0.0,3281.6,FALSE,42.06,Portfolio forecast WAPE was 78.57% against realized demand. Lost 313 sales units across the portfolio. Carried 6 backlog units into next round.
calibrated,13,Price War,1,Team 02,Balanced S&OP,Engineering Challenger,290.62,290.62,200,200,200,198,68,0,24,32617.0,18526.29,14090.71,42234.71,1000.0,0.6813,90.62,0.3118,0.005,44.55,65.15,307,90,2500.0,2500.0,0,0,,22.0,2736.6,FALSE,53.18,"Portfolio forecast WAPE was 31.18% against realized demand. Lost 68 sales units across the portfolio. Carried 24 backlog units into next round. Used $1,000.00 of planned borrowing."
calibrated,13,Price War,1,Team 03,Premium quality,Premium Quality,279.05,279.05,180,184,184,182,82,0,14,34192.8,18887.78,15305.02,40889.02,0.0,0.6522,99.05,0.355,0.005,40.95,68.15,270,76,3000.0,3000.0,0,0,,0.0,2590.84,FALSE,60.02,Portfolio forecast WAPE was 35.50% against realized demand. Lost 82 sales units across the portfolio. Carried 14 backlog units into next round.
calibrated,13,Price War,1,Team 04,Innovation leap,Engineering Challenger,286.36,286.36,180,176,176,174,93,0,18,30088.8,22900.23,7188.57,41332.57,7000.0,0.6076,106.36,0.3714,0.005,39.15,57.89,304,114,9000.0,9000.0,0,0,,154.0,4531.56,FALSE,50.78,"Portfolio forecast WAPE was 37.14% against realized demand. Lost 93 sales units across the portfolio. Carried 18 backlog units into next round. Used $7,000.00 of planned borrowing."
calibrated,13,Price War,1,Team 05,Aggressive growth,Sponsorship Growth,455.34,455.34,439,372,320,309,66,0,79,41504.64,35019.96,6484.68,45668.68,10000.0,0.6786,16.34,0.1122,0.0302,419.58,86.96,368,0,4000.0,4000.0,0,0,,220.0,1500.0,FALSE,55.34,"Portfolio forecast WAPE was 11.22% against realized demand. Lost 66 sales units across the portfolio. Carried 79 backlog units into next round. Used $10,000.00 of planned borrowing."
calibrated,13,Price War,1,Team 06,Low-cost volume,Low-Cost Volume,451.7,451.7,472,458,420,378,0,15,73,35967.0,25220.39,10746.61,39978.61,0.0,0.8368,-20.3,0.1956,0.0592,1009.8,89.36,470,0,500.0,500.0,0,0,,0.0,745.63,FALSE,43.12,Portfolio forecast WAPE was 19.56% against realized demand. Carried 73 backlog units into next round.
calibrated,13,Price War,2,Team 01,Cash conservative,Community / Club,476.45,476.45,102,160,160,155,321,0,6,19818.6,9600.65,10217.95,43645.51,0.0,0.3213,374.45,0.7859,0.0187,130.56,52.81,303,111,750.0,750.0,0,0,,0.0,2683.98,FALSE,24.11,Portfolio forecast WAPE was 78.59% against realized demand. Lost 321 sales units across the portfolio. Carried 6 backlog units into next round.
calibrated,13,Price War,2,Team 02,Balanced S&OP,Engineering Challenger,315.67,315.67,200,200,200,198,117,0,24,32617.0,19001.59,13615.41,56850.12,2000.0,0.5829,115.67,0.3664,0.005,44.55,62.7,319,106,2500.0,2500.0,0,0,,44.0,3441.84,FALSE,45.22,"Portfolio forecast WAPE was 36.64% against realized demand. Lost 117 sales units across the portfolio. Carried 24 backlog units into next round. Used $1,000.00 of planned borrowing."
calibrated,13,Price War,2,Team 03,Premium quality,Premium Quality,301.19,301.19,180,184,184,182,118,0,14,34192.8,19298.1,14894.7,55783.72,0.0,0.5774,121.19,0.4024,0.005,40.95,65.02,283,76,3000.0,3000.0,0,0,,0.0,2671.4,FALSE,51.69,Portfolio forecast WAPE was 40.24% against realized demand. Lost 118 sales units across the portfolio. Carried 14 backlog units into next round.
calibrated,13,Price War,2,Team 04,Innovation leap,Engineering Challenger,309.32,309.32,180,176,176,174,135,0,18,30088.8,23396.22,6692.58,55025.15,14000.0,0.5316,129.32,0.4181,0.005,39.15,56.23,313,105,9000.0,9000.0,0,0,,308.0,5407.5,TRUE,40.33,"Portfolio forecast WAPE was 41.81% against realized demand. Lost 135 sales units across the portfolio. Carried 18 backlog units into next round. Used $7,000.00 of planned borrowing. Liquidity stress flagged this round."
calibrated,13,Price War,2,Team 05,Aggressive growth,Sponsorship Growth,463.81,463.81,439,372,372,361,101,0,79,48497.28,38280.77,10216.51,65885.19,20000.0,0.6651,24.81,0.116,0.0279,454.0,91.63,406,112,4000.0,4000.0,0,0,,440.0,6187.52,TRUE,47.5,"Portfolio forecast WAPE was 11.60% against realized demand. Lost 101 sales units across the portfolio. Carried 79 backlog units into next round. Used $10,000.00 of planned borrowing. Liquidity stress flagged this round."
calibrated,13,Price War,2,Team 06,Low-cost volume,Low-Cost Volume,435.57,435.57,472,458,0,15,398,0,94,1396.5,11835.03,-10438.53,29540.08,0.0,0.0295,-36.43,0.2421,0.1744,37.83,0.0,478,0,500.0,500.0,0,0,,0.0,0.0,FALSE,1.87,Portfolio forecast WAPE was 24.21% against realized demand. Lost 398 sales units across the portfolio. Carried 94 backlog units into next round.
calibrated,14,Inventory Risk,1,Team 01,Cash conservative,Community / Club,216.53,216.53,207,225,225,195,8,25,12,25463.28,16981.48,8481.8,31521.8,0.0,0.9006,9.53,0.2286,0.0179,155.05,74.26,303,75,750.0,750.0,0,0,,0.0,4329.14,FALSE,60.59,Portfolio forecast WAPE was 22.86% against realized demand. Lost 8 sales units across the portfolio. Carried 12 backlog units into next round.
calibrated,14,Inventory Risk,1,Team 02,Balanced S&OP,Engineering Challenger,148.11,148.11,200,200,200,147,0,51,0,24563.0,23813.77,749.23,28893.23,1000.0,0.9925,-51.89,0.3503,0.005,33.07,65.15,307,90,2500.0,2500.0,0,0,,22.0,8654.93,FALSE,62.67,"Portfolio forecast WAPE was 35.03% against realized demand. Used $1,000.00 of planned borrowing."
calibrated,14,Inventory Risk,1,Team 03,Premium quality,Premium Quality,143.34,143.34,180,184,184,143,0,39,0,26965.44,24083.36,2882.08,28466.08,0.0,0.9976,-36.66,0.2558,0.005,32.18,68.15,270,76,3000.0,3000.0,0,0,,0.0,7778.05,FALSE,70.74,Portfolio forecast WAPE was 25.58% against realized demand.
calibrated,14,Inventory Risk,1,Team 04,Innovation leap,Engineering Challenger,146.7,146.7,180,176,176,145,0,29,0,25478.25,27344.18,-1865.93,32278.07,7000.0,0.9884,-33.3,0.227,0.005,32.63,57.89,304,114,9000.0,9000.0,0,0,,154.0,8765.33,FALSE,62.61,"Portfolio forecast WAPE was 22.70% against realized demand. Used $7,000.00 of planned borrowing."
calibrated,14,Inventory Risk,1,Team 05,Aggressive growth,Sponsorship Growth,215.23,215.23,439,372,320,214,0,95,0,29383.68,44641.6,-15257.92,23926.08,10000.0,0.9943,-223.77,1.0397,0.0273,262.7,86.96,368,0,4000.0,4000.0,0,0,,220.0,10575.49,FALSE,63.94,"Portfolio forecast WAPE was 103.97% against realized demand. Used $10,000.00 of planned borrowing."
calibrated,14,Inventory Risk,1,Team 06,Low-cost volume,Low-Cost Volume,178.08,178.08,521,482,420,177,0,216,0,16056.48,39155.42,-23098.94,9633.06,3500.0,0.9939,-342.92,1.9257,0.0628,504.04,89.36,470,0,1500.0,1500.0,0,0,,77.0,15083.18,FALSE,45.53,"Portfolio forecast WAPE was 192.57% against realized demand. Used $3,500.00 of planned borrowing."
calibrated,14,Inventory Risk,2,Team 01,Cash conservative,Community / Club,189.31,189.31,207,225,225,162,26,83,12,21142.56,17545.79,3596.77,35118.57,0.0,0.8047,-17.69,0.4173,0.016,114.13,74.26,303,34,750.0,750.0,0,0,,0.0,7535.97,FALSE,58.15,Portfolio forecast WAPE was 41.73% against realized demand. Lost 26 sales units across the portfolio. Carried 12 backlog units into next round.
calibrated,14,Inventory Risk,2,Team 02,Balanced S&OP,Engineering Challenger,138.29,138.29,200,200,200,137,0,112,0,22793.0,24657.89,-1864.89,28028.34,2000.0,0.9907,-61.71,0.4462,0.005,30.83,62.7,319,106,2500.0,2500.0,0,0,,44.0,15647.84,TRUE,66.56,"Portfolio forecast WAPE was 44.62% against realized demand. Used $1,000.00 of planned borrowing. Liquidity stress flagged this round."
calibrated,14,Inventory Risk,2,Team 03,Premium quality,Premium Quality,133.68,133.68,180,184,184,133,0,88,0,25198.56,24790.84,407.72,28873.8,0.0,0.9949,-46.32,0.3465,0.005,29.92,65.02,283,76,3000.0,3000.0,0,0,,0.0,13312.93,FALSE,75.44,Portfolio forecast WAPE was 34.65% against realized demand.
calibrated,14,Inventory Risk,2,Team 04,Innovation leap,Engineering Challenger,136.96,136.96,180,176,176,135,0,68,0,23619.75,28073.68,-4453.93,34824.14,14000.0,0.9857,-43.04,0.3143,0.005,30.38,56.23,313,105,9000.0,9000.0,0,0,,308.0,13553.08,TRUE,66.43,"Portfolio forecast WAPE was 31.43% against realized demand. Used $7,000.00 of planned borrowing. Liquidity stress flagged this round."
calibrated,14,Inventory Risk,2,Team 05,Aggressive growth,Sponsorship Growth,189.4,189.4,439,372,372,188,0,268,0,26361.6,49533.25,-23171.65,10754.43,20000.0,0.9926,-249.6,1.3178,0.025,212.64,91.63,406,112,4000.0,4000.0,0,0,,440.0,33269.21,TRUE,65.38,"Portfolio forecast WAPE was 131.78% against realized demand. Used $10,000.00 of planned borrowing. Liquidity stress flagged this round."
calibrated,14,Inventory Risk,2,Team 06,Low-cost volume,Low-Cost Volume,161.36,161.36,521,482,0,132,0,84,28,11563.2,21808.36,-10245.16,2887.9,7000.0,0.818,-359.64,2.2288,0.1848,368.76,0.0,508,0,1500.0,1500.0,0,0,,154.0,1050.0,TRUE,23.37,"Portfolio forecast WAPE was 222.88% against realized demand. Carried 28 backlog units into next round. Used $3,500.00 of planned borrowing. Liquidity stress flagged this round."
calibrated,15,Capacity Constraint,1,Team 01,Cash conservative,Community / Club,548.89,548.89,95,154,154,149,392,0,6,19043.4,10288.96,8754.44,31794.44,0.0,0.2715,453.89,0.8269,0.0179,119.83,50.83,303,146,750.0,750.0,0,0,,0.0,3968.28,FALSE,37.84,Portfolio forecast WAPE was 82.69% against realized demand. Lost 392 sales units across the portfolio. Carried 6 backlog units into next round.
calibrated,15,Capacity Constraint,1,Team 02,Balanced S&OP,Engineering Challenger,383.99,383.99,216,216,216,214,143,0,26,35246.0,21940.95,13305.05,40449.05,0.0,0.5573,167.99,0.4375,0.005,48.15,70.36,307,74,2500.0,2500.0,0,0,,0.0,2465.68,FALSE,48.27,Portfolio forecast WAPE was 43.75% against realized demand. Lost 143 sales units across the portfolio. Carried 26 backlog units into next round.
calibrated,15,Capacity Constraint,1,Team 03,Premium quality,Premium Quality,370.79,370.79,180,184,184,182,174,0,14,34192.8,20984.31,13208.49,38792.49,0.0,0.4908,190.79,0.5146,0.005,40.95,68.15,270,76,3000.0,3000.0,0,0,,0.0,3003.52,FALSE,53.53,Portfolio forecast WAPE was 51.46% against realized demand. Lost 174 sales units across the portfolio. Carried 14 backlog units into next round.
calibrated,15,Capacity Constraint,1,Team 04,Innovation leap,Engineering Challenger,380.12,380.12,180,176,176,174,187,0,18,30088.8,24727.8,5361.0,39505.0,7000.0,0.4578,200.12,0.5265,0.005,39.15,57.89,304,114,9000.0,9000.0,0,0,,154.0,5085.6,FALSE,44.51,"Portfolio forecast WAPE was 52.65% against realized demand. Lost 187 sales units across the portfolio. Carried 18 backlog units into next round. Used $7,000.00 of planned borrowing."
calibrated,15,Capacity Constraint,1,Team 05,Aggressive growth,Sponsorship Growth,546.92,546.92,381,352,320,309,167,0,69,44098.68,30656.09,13442.59,45126.59,2500.0,0.565,165.92,0.3034,0.0273,379.49,86.96,368,0,750.0,750.0,0,0,,55.0,375.0,FALSE,50.47,"Portfolio forecast WAPE was 30.34% against realized demand. Lost 167 sales units across the portfolio. Carried 69 backlog units into next round. Used $2,500.00 of planned borrowing."
calibrated,15,Capacity Constraint,1,Team 06,Low-cost volume,Low-Cost Volume,434.28,434.28,521,482,420,365,0,28,67,32203.6,33841.27,-1637.67,31094.33,3500.0,0.8405,-86.72,0.3469,0.0628,1035.44,89.36,470,0,1500.0,1500.0,0,0,,77.0,2105.1,FALSE,41.99,"Portfolio forecast WAPE was 34.69% against realized demand. Carried 67 backlog units into next round. Used $3,500.00 of planned borrowing."
calibrated,15,Capacity Constraint,2,Team 01,Cash conservative,Community / Club,627.59,627.59,95,154,154,150,476,0,6,19178.04,10454.15,8723.89,40518.33,0.0,0.2367,532.59,0.8486,0.016,108.26,50.83,303,118,750.0,750.0,0,0,,0.0,3294.56,FALSE,14.65,Portfolio forecast WAPE was 84.86% against realized demand. Lost 476 sales units across the portfolio. Carried 6 backlog units into next round.
calibrated,15,Capacity Constraint,2,Team 02,Balanced S&OP,Engineering Challenger,476.13,476.13,216,216,216,214,261,0,26,35246.0,22433.22,12812.78,53261.83,0.0,0.4262,260.13,0.5463,0.005,48.15,67.71,319,91,2500.0,2500.0,0,0,,0.0,3114.93,FALSE,33.71,Portfolio forecast WAPE was 54.63% against realized demand. Lost 261 sales units across the portfolio. Carried 26 backlog units into next round.
calibrated,15,Capacity Constraint,2,Team 03,Premium quality,Premium Quality,456.17,456.17,180,184,184,182,273,0,14,34192.8,21398.31,12794.49,51586.98,0.0,0.3871,276.17,0.6054,0.005,40.95,65.02,283,76,3000.0,3000.0,0,0,,0.0,3084.84,FALSE,37.31,Portfolio forecast WAPE was 60.54% against realized demand. Lost 273 sales units across the portfolio. Carried 14 backlog units into next round.
calibrated,15,Capacity Constraint,2,Team 04,Innovation leap,Engineering Challenger,467.7,467.7,180,176,176,174,293,0,18,30088.8,25226.25,4862.55,51367.55,14000.0,0.3582,287.7,0.6151,0.005,39.15,56.23,313,105,9000.0,9000.0,0,0,,308.0,5918.85,TRUE,26.6,"Portfolio forecast WAPE was 61.51% against realized demand. Lost 293 sales units across the portfolio. Carried 18 backlog units into next round. Used $7,000.00 of planned borrowing. Liquidity stress flagged this round."
calibrated,15,Capacity Constraint,2,Team 05,Aggressive growth,Sponsorship Growth,640.43,640.43,381,352,352,341,298,0,69,48686.64,32879.61,15807.03,63433.62,5000.0,0.4807,259.43,0.4051,0.025,384.69,91.67,384,28,750.0,750.0,0,0,,110.0,1670.08,FALSE,35.85,"Portfolio forecast WAPE was 40.51% against realized demand. Lost 298 sales units across the portfolio. Carried 69 backlog units into next round. Used $2,500.00 of planned borrowing."
calibrated,15,Capacity Constraint,2,Team 06,Low-cost volume,Low-Cost Volume,476.96,476.96,521,482,0,28,410,0,104,2414.72,19151.55,-16736.83,17857.5,7000.0,0.0515,-44.04,0.3215,0.1848,75.19,0.0,508,0,1500.0,1500.0,0,0,,154.0,1050.0,TRUE,0.0,"Portfolio forecast WAPE was 32.15% against realized demand. Lost 410 sales units across the portfolio. Carried 104 backlog units into next round. Used $3,500.00 of planned borrowing. Liquidity stress flagged this round."
calibrated,16,Forecast Volatility,1,Team 01,Cash conservative,Community / Club,272.12,272.12,120,176,176,171,92,0,7,21846.36,11309.71,10536.65,33576.65,0.0,0.6284,152.12,0.559,0.0179,137.58,58.09,303,124,750.0,750.0,0,0,,0.0,3286.0,FALSE,50.68,Portfolio forecast WAPE was 55.90% against realized demand. Lost 92 sales units across the portfolio. Carried 7 backlog units into next round.
calibrated,16,Forecast Volatility,1,Team 02,Balanced S&OP,Engineering Challenger,188.53,188.53,200,204,204,180,0,22,7,31205.2,17853.58,13351.62,40495.62,0.0,0.9548,-11.47,0.1561,0.005,40.5,66.45,307,86,1000.0,1000.0,0,0,,0.0,4543.69,FALSE,61.96,Portfolio forecast WAPE was 15.61% against realized demand. Carried 7 backlog units into next round.
calibrated,16,Forecast Volatility,1,Team 03,Premium quality,Premium Quality,183.67,183.67,180,184,184,179,0,3,4,33687.36,20520.86,13166.5,38750.5,0.0,0.9746,3.67,0.039,0.005,40.28,68.15,270,76,3000.0,3000.0,0,0,,0.0,3194.6,FALSE,70.36,Portfolio forecast WAPE was 3.90% against realized demand. Carried 4 backlog units into next round.
calibrated,16,Forecast Volatility,1,Team 04,Innovation leap,Engineering Challenger,188.2,188.2,180,176,176,167,2,7,18,28993.65,24436.46,4557.19,38701.19,7000.0,0.8874,8.2,0.147,0.005,37.57,57.89,304,114,9000.0,9000.0,0,0,,154.0,5560.3,FALSE,60.33,"Portfolio forecast WAPE was 14.70% against realized demand. Lost 2 sales units across the portfolio. Carried 18 backlog units into next round. Used $7,000.00 of planned borrowing."
calibrated,16,Forecast Volatility,1,Team 05,Aggressive growth,Sponsorship Growth,271.84,271.84,439,372,320,261,0,48,9,35664.0,37865.45,-2201.45,36982.55,10000.0,0.9601,-167.16,0.6149,0.0273,320.37,86.96,368,0,4000.0,4000.0,0,0,,220.0,5264.39,FALSE,63.21,"Portfolio forecast WAPE was 61.49% against realized demand. Carried 9 backlog units into next round. Used $10,000.00 of planned borrowing."
calibrated,16,Forecast Volatility,1,Team 06,Low-cost volume,Low-Cost Volume,216.63,216.63,521,482,420,216,0,177,0,19625.76,32969.33,-13343.57,19388.43,3500.0,0.9971,-304.37,1.405,0.0628,615.14,89.36,470,0,1500.0,1500.0,0,0,,77.0,10269.99,FALSE,45.42,"Portfolio forecast WAPE was 140.50% against realized demand. Used $3,500.00 of planned borrowing."
calibrated,16,Forecast Volatility,2,Team 01,Cash conservative,Community / Club,221.03,221.03,120,176,176,166,54,5,7,21326.16,11522.66,9803.5,43380.15,0.0,0.728,101.03,0.4571,0.016,119.12,58.09,303,92,750.0,750.0,0,0,,0.0,2825.43,FALSE,45.09,Portfolio forecast WAPE was 45.71% against realized demand. Lost 54 sales units across the portfolio. Carried 7 backlog units into next round.
calibrated,16,Forecast Volatility,2,Team 02,Balanced S&OP,Engineering Challenger,166.4,166.4,200,204,204,173,0,51,0,30120.48,18371.97,11748.51,52244.13,0.0,0.9977,-33.6,0.2019,0.005,38.93,65.81,310,86,1000.0,1000.0,0,0,,0.0,7031.3,FALSE,66.82,Portfolio forecast WAPE was 20.19% against realized demand.
calibrated,16,Forecast Volatility,2,Team 03,Premium quality,Premium Quality,162.06,162.06,180,184,184,165,0,20,0,31328.64,20992.74,10335.9,49086.4,0.0,0.9936,-17.94,0.1107,0.005,37.13,65.02,283,76,3000.0,3000.0,0,0,,0.0,4829.99,FALSE,75.16,Portfolio forecast WAPE was 11.07% against realized demand.
calibrated,16,Forecast Volatility,2,Team 04,Innovation leap,Engineering Challenger,165.59,165.59,180,176,176,159,5,22,18,27742.05,25021.63,2720.42,48421.61,14000.0,0.8661,-14.41,0.1204,0.005,35.78,56.23,313,105,9000.0,9000.0,0,0,,308.0,7678.8,TRUE,61.24,"Portfolio forecast WAPE was 12.04% against realized demand. Lost 5 sales units across the portfolio. Carried 18 backlog units into next round. Used $7,000.00 of planned borrowing. Liquidity stress flagged this round."
calibrated,16,Forecast Volatility,2,Team 05,Aggressive growth,Sponsorship Growth,226.51,226.51,439,372,372,234,0,175,0,33192.96,41939.78,-8746.82,38235.73,20000.0,0.9936,-212.49,0.9381,0.025,265.33,91.63,406,112,4000.0,4000.0,0,0,,440.0,20531.31,TRUE,64.69,"Portfolio forecast WAPE was 93.81% against realized demand. Used $10,000.00 of planned borrowing. Liquidity stress flagged this round."
calibrated,16,Forecast Volatility,2,Team 06,Low-cost volume,Low-Cost Volume,182.4,182.4,521,482,0,131,0,46,50,11096.8,18844.62,-7747.82,15140.61,7000.0,0.7182,-338.6,1.8564,0.1848,367.14,0.0,508,0,1500.0,1500.0,0,0,,154.0,1050.0,TRUE,20.32,"Portfolio forecast WAPE was 185.64% against realized demand. Carried 50 backlog units into next round. Used $3,500.00 of planned borrowing. Liquidity stress flagged this round."
calibrated,17,Viral Demand,1,Team 01,Cash conservative,Community / Club,297.66,297.66,95,154,154,149,140,0,6,19043.4,10247.94,8795.46,31835.46,0.0,0.5006,202.66,0.6808,0.0179,119.83,50.83,303,146,750.0,750.0,0,0,,0.0,3949.3,FALSE,46.22,Portfolio forecast WAPE was 68.08% against realized demand. Lost 140 sales units across the portfolio. Carried 6 backlog units into next round.
calibrated,17,Viral Demand,1,Team 02,Balanced S&OP,Engineering Challenger,210.69,210.69,200,200,200,190,0,8,20,31425.0,20603.51,10821.49,38965.49,1000.0,0.9018,10.69,0.134,0.005,42.75,65.15,307,90,2500.0,2500.0,0,0,,22.0,3783.05,FALSE,60.72,"Portfolio forecast WAPE was 13.40% against realized demand. Carried 20 backlog units into next round. Used $1,000.00 of planned borrowing."
calibrated,17,Viral Demand,1,Team 03,Premium quality,Premium Quality,203.66,203.66,180,184,184,182,7,0,14,34192.8,20908.87,13283.93,38867.93,0.0,0.8936,23.66,0.1162,0.005,40.95,68.15,270,76,3000.0,3000.0,0,0,,0.0,2988.32,FALSE,68.1,Portfolio forecast WAPE was 11.62% against realized demand. Lost 7 sales units across the portfolio. Carried 14 backlog units into next round.
calibrated,17,Viral Demand,1,Team 04,Innovation leap,Engineering Challenger,208.7,208.7,180,176,176,174,16,0,18,30088.8,24663.24,5425.56,39569.56,7000.0,0.8337,28.7,0.1414,0.005,39.15,57.89,304,114,9000.0,9000.0,0,0,,154.0,5066.22,FALSE,58.24,"Portfolio forecast WAPE was 14.14% against realized demand. Lost 16 sales units across the portfolio. Carried 18 backlog units into next round. Used $7,000.00 of planned borrowing."
calibrated,17,Viral Demand,1,Team 05,Aggressive growth,Sponsorship Growth,298.22,298.22,388,359,320,277,0,32,20,40314.2,30679.36,9634.84,41818.84,3000.0,0.9288,-89.78,0.3011,0.0273,340.2,86.96,368,0,750.0,750.0,0,0,,66.0,3009.19,FALSE,62.49,"Portfolio forecast WAPE was 30.11% against realized demand. Carried 20 backlog units into next round. Used $3,000.00 of planned borrowing."
calibrated,17,Viral Demand,1,Team 06,Low-cost volume,Low-Cost Volume,233.09,233.09,521,482,420,232,0,161,0,21084.8,33460.58,-12375.78,20356.22,3500.0,0.9953,-287.91,1.2352,0.0628,660.74,89.36,470,0,1500.0,1500.0,0,0,,77.0,9566.7,FALSE,45.44,"Portfolio forecast WAPE was 123.52% against realized demand. Used $3,500.00 of planned borrowing."
calibrated,17,Viral Demand,2,Team 01,Cash conservative,Community / Club,346.91,346.91,95,154,154,150,195,0,6,19178.04,10410.72,8767.32,40602.78,0.0,0.425,251.91,0.7262,0.016,108.26,50.83,303,118,750.0,750.0,0,0,,0.0,3278.04,FALSE,29.92,Portfolio forecast WAPE was 72.62% against realized demand. Lost 195 sales units across the portfolio. Carried 6 backlog units into next round.
calibrated,17,Viral Demand,2,Team 02,Balanced S&OP,Engineering Challenger,268.5,268.5,200,200,200,206,58,0,24,33809.0,21076.4,12732.6,52698.09,2000.0,0.714,68.5,0.2551,0.005,46.34,62.7,319,106,2500.0,2500.0,0,0,,44.0,3910.36,FALSE,56.7,"Portfolio forecast WAPE was 25.51% against realized demand. Lost 58 sales units across the portfolio. Carried 24 backlog units into next round. Used $1,000.00 of planned borrowing."
calibrated,17,Viral Demand,2,Team 03,Premium quality,Premium Quality,258.93,258.93,180,184,184,182,76,0,14,34192.8,21322.0,12870.8,51738.73,0.0,0.6668,78.93,0.3048,0.005,40.95,65.02,283,76,3000.0,3000.0,0,0,,0.0,3069.64,FALSE,62.05,Portfolio forecast WAPE was 30.48% against realized demand. Lost 76 sales units across the portfolio. Carried 14 backlog units into next round.
calibrated,17,Viral Demand,2,Team 04,Innovation leap,Engineering Challenger,264.69,264.69,180,176,176,174,90,0,18,30088.8,25159.23,4929.57,51499.13,14000.0,0.6155,84.69,0.32,0.005,39.15,56.23,313,105,9000.0,9000.0,0,0,,308.0,5899.95,TRUE,49.79,"Portfolio forecast WAPE was 32.00% against realized demand. Lost 90 sales units across the portfolio. Carried 18 backlog units into next round. Used $7,000.00 of planned borrowing. Liquidity stress flagged this round."
calibrated,17,Viral Demand,2,Team 05,Aggressive growth,Sponsorship Growth,359.15,359.15,388,359,359,321,0,59,57,47347.04,33782.36,13564.68,58383.52,6000.0,0.8466,-28.85,0.2304,0.025,360.65,93.49,384,36,750.0,750.0,0,0,,132.0,6878.47,FALSE,61.45,"Portfolio forecast WAPE was 23.04% against realized demand. Carried 57 backlog units into next round. Used $3,000.00 of planned borrowing."
calibrated,17,Viral Demand,2,Team 06,Low-cost volume,Low-Cost Volume,281.82,281.82,521,482,0,154,22,7,104,12929.84,19481.88,-6552.04,17304.18,7000.0,0.5464,-239.18,0.8487,0.1848,429.3,0.0,508,0,1500.0,1500.0,0,0,,154.0,1050.0,TRUE,15.75,"Portfolio forecast WAPE was 84.87% against realized demand. Lost 22 sales units across the portfolio. Carried 104 backlog units into next round. Used $3,500.00 of planned borrowing. Liquidity stress flagged this round."
calibrated,18,Cash Crunch,1,Team 01,Cash conservative,Community / Club,198.43,198.43,207,225,225,182,3,35,12,23851.68,18101.62,5750.06,28790.06,0.0,0.9172,-8.57,0.2315,0.025,203.06,74.26,303,75,750.0,750.0,0,0,,0.0,5421.58,FALSE,60.35,Portfolio forecast WAPE was 23.15% against realized demand. Lost 3 sales units across the portfolio. Carried 12 backlog units into next round.
calibrated,18,Cash Crunch,1,Team 02,Balanced S&OP,Engineering Challenger,137.56,137.56,200,200,200,137,0,61,0,22898.0,25150.48,-2252.48,25891.52,1000.0,0.9959,-62.44,0.4539,0.0065,38.82,65.15,307,90,2500.0,2500.0,0,0,,22.0,10236.76,FALSE,62.65,"Portfolio forecast WAPE was 45.39% against realized demand. Used $1,000.00 of planned borrowing."
calibrated,18,Cash Crunch,1,Team 03,Premium quality,Premium Quality,133.15,133.15,180,184,184,132,0,50,0,24906.96,25386.94,-479.98,25104.02,0.0,0.9914,-46.85,0.3519,0.005,29.7,68.15,270,76,3000.0,3000.0,0,0,,0.0,9538.44,FALSE,70.77,Portfolio forecast WAPE was 35.19% against realized demand.
calibrated,18,Cash Crunch,1,Team 04,Innovation leap,Engineering Challenger,136.4,136.4,180,176,176,135,0,39,0,23730.0,28484.44,-4754.44,29389.56,7000.0,0.9897,-43.6,0.3196,0.005,30.37,57.89,304,114,9000.0,9000.0,0,0,,154.0,10332.98,FALSE,62.75,"Portfolio forecast WAPE was 31.96% against realized demand. Used $7,000.00 of planned borrowing."
calibrated,18,Cash Crunch,1,Team 05,Aggressive growth,Sponsorship Growth,197.23,197.23,439,372,320,196,0,111,0,26958.72,47208.05,-20249.33,18934.67,10000.0,0.9938,-241.77,1.2258,0.035,308.33,86.96,368,0,4000.0,4000.0,0,0,,220.0,12797.19,FALSE,62.95,"Portfolio forecast WAPE was 122.58% against realized demand. Used $10,000.00 of planned borrowing."
calibrated,18,Cash Crunch,1,Team 06,Low-cost volume,Low-Cost Volume,160.24,160.24,521,482,420,159,0,229,0,14432.88,41462.43,-27029.55,5702.45,3500.0,0.9923,-360.76,2.2514,0.0714,514.54,89.36,470,0,1500.0,1500.0,0,0,,77.0,16993.32,FALSE,44.25,"Portfolio forecast WAPE was 225.14% against realized demand. Used $3,500.00 of planned borrowing."
calibrated,18,Cash Crunch,2,Team 01,Cash conservative,Community / Club,212.06,212.06,207,225,75,107,103,0,12,13041.72,11100.17,1941.55,30731.61,0.0,0.4776,5.06,0.3611,0.0232,115.95,24.75,303,0,750.0,750.0,0,0,,0.0,0.0,FALSE,45.43,Portfolio forecast WAPE was 36.11% against realized demand. Lost 103 sales units across the portfolio. Carried 12 backlog units into next round.
calibrated,18,Cash Crunch,2,Team 02,Balanced S&OP,Engineering Challenger,157.29,157.29,200,200,90,136,0,13,21,22259.0,18962.09,3296.91,30188.43,2000.0,0.8646,-42.71,0.2715,0.005,30.61,28.21,319,0,2500.0,2500.0,0,0,,44.0,1708.43,FALSE,64.58,"Portfolio forecast WAPE was 27.15% against realized demand. Carried 21 backlog units into next round. Used $1,000.00 of planned borrowing."
calibrated,18,Cash Crunch,2,Team 03,Premium quality,Premium Quality,151.87,151.87,180,184,184,151,0,81,0,28600.56,25997.6,2602.96,27706.98,0.0,0.9943,-28.13,0.1852,0.005,33.97,65.02,283,76,3000.0,3000.0,0,0,,0.0,13339.21,FALSE,75.58,Portfolio forecast WAPE was 18.52% against realized demand.
calibrated,18,Cash Crunch,2,Team 04,Innovation leap,Engineering Challenger,155.77,155.77,180,176,176,155,0,58,0,27116.25,29104.12,-1987.87,34401.69,14000.0,0.9951,-24.23,0.1555,0.005,34.87,56.23,313,105,9000.0,9000.0,0,0,,308.0,13208.22,TRUE,66.82,"Portfolio forecast WAPE was 15.55% against realized demand. Used $7,000.00 of planned borrowing. Liquidity stress flagged this round."
calibrated,18,Cash Crunch,2,Team 05,Aggressive growth,Sponsorship Growth,208.88,208.88,439,372,0,111,17,0,79,14305.92,28354.29,-14048.37,14886.3,20000.0,0.5314,-230.12,1.1017,0.0989,161.93,0.0,406,0,4000.0,4000.0,0,0,,440.0,3000.0,TRUE,43.72,"Portfolio forecast WAPE was 110.17% against realized demand. Lost 17 sales units across the portfolio. Carried 79 backlog units into next round. Used $10,000.00 of planned borrowing. Liquidity stress flagged this round."
calibrated,18,Cash Crunch,2,Team 06,Low-cost volume,Low-Cost Volume,178.14,178.14,521,482,0,146,0,83,30,12836.56,23006.25,-10169.69,0.0,7967.24,0.8196,-342.86,1.9247,0.2107,464.29,0.0,508,0,1500.0,1500.0,0,0,,154.0,1195.09,TRUE,18.08,"Portfolio forecast WAPE was 192.47% against realized demand. Carried 30 backlog units into next round. Used $3,500.00 of planned borrowing. Auto-borrowed $967.24 to cover a cash shortfall. Liquidity stress flagged this round."
calibrated,19,Premium Expansion,1,Team 01,Cash conservative,Community / Club,348.09,348.09,115,170,170,165,175,0,7,21071.16,11162.82,9908.34,32948.34,0.0,0.474,233.09,0.6696,0.0179,132.77,56.11,303,130,750.0,750.0,0,0,,0.0,3516.5,FALSE,43.34,Portfolio forecast WAPE was 66.96% against realized demand. Lost 175 sales units across the portfolio. Carried 7 backlog units into next round.
calibrated,19,Premium Expansion,1,Team 02,Balanced S&OP,Engineering Challenger,273.52,273.52,200,200,200,198,51,0,24,32617.0,20597.31,12019.69,40163.69,1000.0,0.7239,73.52,0.2688,0.005,44.55,65.15,307,90,2500.0,2500.0,0,0,,22.0,3134.4,FALSE,54.24,"Portfolio forecast WAPE was 26.88% against realized demand. Lost 51 sales units across the portfolio. Carried 24 backlog units into next round. Used $1,000.00 of planned borrowing."
calibrated,19,Premium Expansion,1,Team 03,Premium quality,Premium Quality,266.25,266.25,208,212,212,210,38,0,17,43140.8,21422.68,21718.12,47302.12,0.0,0.7887,58.25,0.2188,0.005,47.25,78.52,270,48,1250.0,1250.0,0,0,,0.0,1887.36,FALSE,64.44,Portfolio forecast WAPE was 21.88% against realized demand. Lost 38 sales units across the portfolio. Carried 17 backlog units into next round.
calibrated,19,Premium Expansion,1,Team 04,Innovation leap,Engineering Challenger,272.46,272.46,180,176,176,174,80,0,18,30088.8,24663.24,5425.56,39569.56,7000.0,0.6386,92.46,0.3394,0.005,39.15,57.89,304,114,9000.0,9000.0,0,0,,154.0,5066.22,FALSE,50.52,"Portfolio forecast WAPE was 33.94% against realized demand. Lost 80 sales units across the portfolio. Carried 18 backlog units into next round. Used $7,000.00 of planned borrowing."
calibrated,19,Premium Expansion,1,Team 05,Aggressive growth,Sponsorship Growth,364.36,364.36,439,372,320,304,0,5,59,41005.44,38758.25,2247.19,41431.19,10000.0,0.8343,-74.64,0.3025,0.0273,373.17,86.96,368,0,4000.0,4000.0,0,0,,220.0,1899.83,FALSE,60.48,"Portfolio forecast WAPE was 30.25% against realized demand. Carried 59 backlog units into next round. Used $10,000.00 of planned borrowing."
calibrated,19,Premium Expansion,1,Team 06,Low-cost volume,Low-Cost Volume,247.31,247.31,521,482,420,245,0,148,0,22372.24,33420.15,-11047.91,21684.09,3500.0,0.9907,-273.69,1.1067,0.0628,698.31,89.36,470,0,1500.0,1500.0,0,0,,77.0,8836.62,FALSE,44.53,"Portfolio forecast WAPE was 110.67% against realized demand. Used $3,500.00 of planned borrowing."
calibrated,19,Premium Expansion,2,Team 01,Cash conservative,Community / Club,403.2,403.2,115,170,170,165,237,0,7,21071.16,11341.11,9730.05,42678.39,0.0,0.4022,288.2,0.7148,0.0161,119.27,56.11,303,99,750.0,750.0,0,0,,0.0,2750.22,FALSE,24.09,Portfolio forecast WAPE was 71.48% against realized demand. Lost 237 sales units across the portfolio. Carried 7 backlog units into next round.
calibrated,19,Premium Expansion,2,Team 02,Balanced S&OP,Engineering Challenger,344.22,344.22,200,200,200,198,145,0,24,32617.0,21074.61,11542.39,52706.08,2000.0,0.5377,144.22,0.419,0.005,44.55,62.7,319,106,2500.0,2500.0,0,0,,44.0,3910.36,FALSE,42.83,"Portfolio forecast WAPE was 41.90% against realized demand. Lost 145 sales units across the portfolio. Carried 24 backlog units into next round. Used $1,000.00 of planned borrowing."
calibrated,19,Premium Expansion,2,Team 03,Premium quality,Premium Quality,336.29,336.29,208,212,212,210,125,0,17,43140.8,21908.73,21232.07,68534.19,0.0,0.5944,128.29,0.3815,0.005,47.25,77.09,275,52,1250.0,1250.0,0,0,,0.0,2100.28,FALSE,54.97,Portfolio forecast WAPE was 38.15% against realized demand. Lost 125 sales units across the portfolio. Carried 17 backlog units into next round.
calibrated,19,Premium Expansion,2,Team 04,Innovation leap,Engineering Challenger,340.61,340.61,180,176,176,174,165,0,18,30088.8,25159.23,4929.57,51499.13,14000.0,0.4852,160.61,0.4715,0.005,39.15,56.23,313,105,9000.0,9000.0,0,0,,308.0,5899.95,TRUE,36.07,"Portfolio forecast WAPE was 47.15% against realized demand. Lost 165 sales units across the portfolio. Carried 18 backlog units into next round. Used $7,000.00 of planned borrowing. Liquidity stress flagged this round."
calibrated,19,Premium Expansion,2,Team 05,Aggressive growth,Sponsorship Growth,439.64,439.64,439,372,372,335,83,31,79,45901.44,42613.34,3288.1,54719.29,20000.0,0.6718,0.64,0.24,0.025,376.61,91.63,406,112,4000.0,4000.0,0,0,,440.0,9178.93,TRUE,52.11,"Portfolio forecast WAPE was 24.00% against realized demand. Lost 83 sales units across the portfolio. Carried 79 backlog units into next round. Used $10,000.00 of planned borrowing. Liquidity stress flagged this round."
calibrated,19,Premium Expansion,2,Team 06,Low-cost volume,Low-Cost Volume,293.03,293.03,521,482,0,143,45,5,104,11814.88,19439.3,-7624.42,17559.67,7000.0,0.488,-227.97,0.778,0.1848,398.72,0.0,508,0,1500.0,1500.0,0,0,,154.0,1050.0,TRUE,7.9,"Portfolio forecast WAPE was 77.80% against realized demand. Lost 45 sales units across the portfolio. Carried 104 backlog units into next round. Used $3,500.00 of planned borrowing. Liquidity stress flagged this round."
calibrated,20,Unstable Market,1,Team 01,Cash conservative,Community / Club,209.06,209.06,207,225,225,188,7,29,12,24598.32,17128.9,7469.42,30509.42,0.0,0.8993,2.06,0.2271,0.025,209.8,74.26,303,75,750.0,750.0,0,0,,0.0,4652.09,FALSE,59.73,Portfolio forecast WAPE was 22.71% against realized demand. Lost 7 sales units across the portfolio. Carried 12 backlog units into next round.
calibrated,20,Unstable Market,1,Team 02,Balanced S&OP,Engineering Challenger,149.31,149.31,200,200,200,149,0,49,0,24931.0,23899.87,1031.13,29175.13,1000.0,0.9979,-50.69,0.3395,0.0065,42.13,65.15,307,90,2500.0,2500.0,0,0,,22.0,8500.39,FALSE,62.97,"Portfolio forecast WAPE was 33.95% against realized demand. Used $1,000.00 of planned borrowing."
calibrated,20,Unstable Market,1,Team 03,Premium quality,Premium Quality,145.31,145.31,180,184,184,144,0,38,0,27174.96,24163.09,3011.87,28595.87,0.0,0.991,-34.69,0.2387,0.005,32.4,68.15,270,76,3000.0,3000.0,0,0,,0.0,7705.2,FALSE,71.09,Portfolio forecast WAPE was 23.87% against realized demand.
calibrated,20,Unstable Market,1,Team 04,Innovation leap,Engineering Challenger,148.43,148.43,180,176,176,147,0,27,0,25864.65,27408.27,-1543.62,32600.38,7000.0,0.9904,-31.57,0.2127,0.005,33.08,57.89,304,114,9000.0,9000.0,0,0,,154.0,8601.27,FALSE,63.08,"Portfolio forecast WAPE was 21.27% against realized demand. Used $7,000.00 of planned borrowing."
calibrated,20,Unstable Market,1,Team 05,Aggressive growth,Sponsorship Growth,210.69,210.69,439,372,320,209,0,98,0,28844.16,44892.37,-16048.21,23135.79,10000.0,0.992,-228.31,1.0836,0.035,328.71,86.96,368,0,4000.0,4000.0,0,0,,220.0,10904.11,FALSE,62.87,"Portfolio forecast WAPE was 108.36% against realized demand. Used $10,000.00 of planned borrowing."
calibrated,20,Unstable Market,1,Team 06,Low-cost volume,Low-Cost Volume,167.2,167.2,521,482,420,166,0,222,0,15084.08,39378.89,-24294.81,8437.19,3500.0,0.9928,-353.8,2.116,0.0714,537.16,89.36,470,0,1500.0,1500.0,0,0,,77.0,15556.93,FALSE,43.72,"Portfolio forecast WAPE was 211.60% against realized demand. Used $3,500.00 of planned borrowing."
calibrated,20,Unstable Market,2,Team 01,Cash conservative,Community / Club,299.42,299.42,207,225,75,101,196,0,12,12295.08,10521.28,1773.8,32283.22,0.0,0.3243,92.42,0.3087,0.0232,109.57,24.75,303,0,750.0,750.0,0,0,,0.0,0.0,FALSE,37.95,Portfolio forecast WAPE was 30.87% against realized demand. Lost 196 sales units across the portfolio. Carried 12 backlog units into next round.
calibrated,20,Unstable Market,2,Team 02,Balanced S&OP,Engineering Challenger,229.05,229.05,200,200,90,137,67,0,24,22163.0,18060.42,4102.58,34277.71,2000.0,0.5981,29.05,0.1268,0.005,30.82,28.21,319,0,2500.0,2500.0,0,0,,44.0,300.0,FALSE,54.91,"Portfolio forecast WAPE was 12.68% against realized demand. Lost 67 sales units across the portfolio. Carried 24 backlog units into next round. Used $1,000.00 of planned borrowing."
calibrated,20,Unstable Market,2,Team 03,Premium quality,Premium Quality,222.53,222.53,180,184,184,209,0,11,13,39357.36,24565.24,14792.12,43387.99,0.0,0.9392,42.53,0.1911,0.005,47.03,65.02,283,76,3000.0,3000.0,0,0,,0.0,4905.53,FALSE,74.98,Portfolio forecast WAPE was 19.11% against realized demand. Carried 13 backlog units into next round.
calibrated,20,Unstable Market,2,Team 04,Innovation leap,Engineering Challenger,227.42,227.42,180,176,176,189,20,12,18,32435.55,28007.14,4428.41,44028.79,14000.0,0.8311,47.42,0.2085,0.005,42.53,56.23,313,105,9000.0,9000.0,0,0,,308.0,7897.95,TRUE,62.5,"Portfolio forecast WAPE was 20.85% against realized demand. Lost 20 sales units across the portfolio. Carried 18 backlog units into next round. Used $7,000.00 of planned borrowing. Liquidity stress flagged this round."
calibrated,20,Unstable Market,2,Team 05,Aggressive growth,Sponsorship Growth,296.44,296.44,439,372,0,98,118,0,79,12420.48,27158.77,-14738.29,18397.5,20000.0,0.3306,-142.56,0.4809,0.0989,142.53,0.0,406,0,4000.0,4000.0,0,0,,440.0,3000.0,TRUE,33.3,"Portfolio forecast WAPE was 48.09% against realized demand. Lost 118 sales units across the portfolio. Carried 79 backlog units into next round. Used $10,000.00 of planned borrowing. Liquidity stress flagged this round."
calibrated,20,Unstable Market,2,Team 06,Low-cost volume,Low-Cost Volume,248.14,248.14,521,482,0,187,0,35,60,16103.12,22139.12,-6036.0,5901.19,7000.0,0.7536,-272.86,1.0996,0.2107,595.78,0.0,508,0,1500.0,1500.0,0,0,,154.0,1050.0,TRUE,13.73,"Portfolio forecast WAPE was 109.96% against realized demand. Carried 60 backlog units into next round. Used $3,500.00 of planned borrowing. Liquidity stress flagged this round."
